timestep,cumulative_active_nodes,percent_activated,reward,algorithm,trial
1,90,44.554455445544555,137.9584644154195,dqn,0
2,229,68.8118811881188,210.53635191254637,dqn,0
3,383,76.23762376237624,231.79371579582588,dqn,0
4,538,76.73267326732673,233.4129665947268,dqn,0
5,693,76.73267326732673,232.93997557240255,dqn,0
6,862,83.66336633663366,254.8524870122243,dqn,0
7,1026,81.1881188118812,246.92240635791188,dqn,0
8,1186,79.20792079207921,240.1712158793406,dqn,0
9,1354,83.16831683168317,252.83317645679688,dqn,0
10,1514,79.20792079207921,241.42406730262496,dqn,0
11,1673,78.71287128712872,238.79502385236776,dqn,0
12,1827,76.23762376237624,231.69398853511322,dqn,0
13,1984,77.72277227722772,236.24643809424938,dqn,0
14,2138,76.23762376237624,232.3203594978752,dqn,0
15,2289,74.75247524752476,225.92343969655332,dqn,0
16,2432,70.79207920792079,214.13159827487544,dqn,0
17,2593,79.70297029702971,242.24825023714808,dqn,0
18,2746,75.74257425742574,231.782486986566,dqn,0
19,2903,77.72277227722772,237.06284857196567,dqn,0
20,3072,83.66336633663366,254.65483854506382,dqn,0
1,96,47.524752475247524,144.70201882002735,cdsqn,0
2,218,60.396039603960396,184.22562807627088,cdsqn,0
3,363,71.78217821782178,218.12734019417385,cdsqn,0
4,510,72.77227722772277,219.87971074930456,cdsqn,0
5,653,70.79207920792079,215.41388261651073,cdsqn,0
6,796,70.79207920792079,215.15097677147207,cdsqn,0
7,955,78.71287128712872,238.5226348509665,cdsqn,0
8,1116,79.70297029702971,239.5103843297306,cdsqn,0
9,1266,74.25742574257426,223.29155834696985,cdsqn,0
10,1404,68.31683168316832,204.4728377766524,cdsqn,0
11,1551,72.77227722772277,220.19326618818323,cdsqn,0
12,1707,77.22772277227723,236.7179121696126,cdsqn,0
13,1852,71.78217821782178,215.76302064175735,cdsqn,0
14,2001,73.76237623762376,223.09504759161328,cdsqn,0
15,2148,72.77227722772277,220.70632005338604,cdsqn,0
16,2319,84.65346534653465,256.142474086969,cdsqn,0
17,2481,80.19801980198021,246.53341296342347,cdsqn,0
18,2636,76.73267326732673,233.99242573555674,cdsqn,0
19,2795,78.71287128712872,238.89617851250696,cdsqn,0
20,2944,73.76237623762376,224.90176149468013,cdsqn,0
1,92,45.54455445544555,139.74471777244096,whittle,0
2,214,60.396039603960396,182.71149608397457,whittle,0
3,362,73.26732673267327,222.89414495981384,whittle,0
4,518,77.22772277227723,237.97418105673287,whittle,0
5,680,80.19801980198021,246.27334652290529,whittle,0
6,842,80.19801980198021,245.73096629117273,whittle,0
7,994,75.24752475247524,229.57268118647897,whittle,0
8,1150,77.22772277227723,235.19719392835657,whittle,0
9,1311,79.70297029702971,243.6304781041458,whittle,0
10,1467,77.22772277227723,235.0236991824451,whittle,0
11,1623,77.22772277227723,236.14854864321148,whittle,0
12,1780,77.72277227722772,239.01779532053638,whittle,0
13,1943,80.6930693069307,246.84782320269258,whittle,0
14,2095,75.24752475247524,226.093406249444,whittle,0
15,2244,73.76237623762376,222.50489557448543,whittle,0
16,2411,82.67326732673267,250.84199418794952,whittle,0
17,2572,79.70297029702971,243.8688538835275,whittle,0
18,2728,77.22772277227723,234.19682644025136,whittle,0
19,2881,75.74257425742574,228.01671457151681,whittle,0
20,3039,78.21782178217822,239.23845936266446,whittle,0
1,82,40.5940594059406,122.3908579260076,random,0
2,201,58.91089108910891,177.96087786250735,random,0
3,334,65.84158415841584,202.6375041851095,random,0
4,477,70.79207920792079,219.50649998336957,random,0
5,624,72.77227722772277,223.66101985932087,random,0
6,773,73.76237623762376,225.23730305388534,random,0
7,913,69.3069306930693,212.91182792908364,random,0
8,1057,71.28712871287128,216.6673623498302,random,0
9,1211,76.23762376237624,232.47456946185764,random,0
10,1364,75.74257425742574,233.1591882522995,random,0
11,1513,73.76237623762376,224.27649615274922,random,0
12,1663,74.25742574257426,223.7959685652835,random,0
13,1813,74.25742574257426,226.7731103643641,random,0
14,1970,77.72277227722772,234.64867935198848,random,0
15,2120,74.25742574257426,225.7015540669555,random,0
16,2267,72.77227722772277,223.6365523959256,random,0
17,2414,72.77227722772277,222.82173256812882,random,0
18,2574,79.20792079207921,241.96435477905206,random,0
19,2732,78.21782178217822,237.19611451039057,random,0
20,2889,77.72277227722772,237.4431509892227,random,0
1,103,50.99009900990099,153.91240374229943,dqn,1
2,235,65.34653465346535,196.67912965915153,dqn,1
3,393,78.21782178217822,236.80668225769534,dqn,1
4,562,83.66336633663366,252.95786642220918,dqn,1
5,729,82.67326732673267,250.3579879141868,dqn,1
6,883,76.23762376237624,231.86408812692795,dqn,1
7,1043,79.20792079207921,240.59192702363623,dqn,1
8,1206,80.6930693069307,244.72993262982737,dqn,1
9,1353,72.77227722772277,220.3090246566445,dqn,1
10,1506,75.74257425742574,231.11146640874793,dqn,1
11,1668,80.19801980198021,244.14469064030635,dqn,1
12,1823,76.73267326732673,234.40494180735993,dqn,1
13,1978,76.73267326732673,233.860340297097,dqn,1
14,2131,75.74257425742574,226.92767854622653,dqn,1
15,2286,76.73267326732673,233.90512251905,dqn,1
16,2434,73.26732673267327,224.63671606991286,dqn,1
17,2587,75.74257425742574,228.93945676139148,dqn,1
18,2754,82.67326732673267,249.49421921007163,dqn,1
19,2918,81.1881188118812,243.60401454686632,dqn,1
20,3087,83.66336633663366,252.66518566644183,dqn,1
1,95,47.02970297029702,145.64824849515833,cdsqn,1
2,214,58.91089108910891,177.67051370214443,cdsqn,1
3,349,66.83168316831683,205.89212144142468,cdsqn,1
4,482,65.84158415841584,200.07921692885446,cdsqn,1
5,619,67.82178217821783,203.82512497031487,cdsqn,1
6,772,75.74257425742574,232.61117697011832,cdsqn,1
7,922,74.25742574257426,227.12291166995888,cdsqn,1
8,1069,72.77227722772277,220.4280769602972,cdsqn,1
9,1212,70.79207920792079,213.1453206133655,cdsqn,1
10,1365,75.74257425742574,229.47691298412005,cdsqn,1
11,1520,76.73267326732673,232.51923328566681,cdsqn,1
12,1669,73.76237623762376,222.51905029503945,cdsqn,1
13,1823,76.23762376237624,232.37248059365655,cdsqn,1
14,1973,74.25742574257426,223.37376644262196,cdsqn,1
15,2121,73.26732673267327,221.47437188669545,cdsqn,1
16,2281,79.20792079207921,239.68445162604957,cdsqn,1
17,2433,75.24752475247524,230.11895551654678,cdsqn,1
18,2584,74.75247524752476,228.7692109215353,cdsqn,1
19,2739,76.73267326732673,232.30213389685792,cdsqn,1
20,2885,72.27722772277228,217.38163346568194,cdsqn,1
1,103,50.99009900990099,155.75017209095822,whittle,1
2,230,62.87128712871287,190.10408920580798,whittle,1
3,379,73.76237623762376,221.9603908401666,whittle,1
4,534,76.73267326732673,230.97576379202394,whittle,1
5,688,76.23762376237624,228.49887088453443,whittle,1
6,841,75.74257425742574,228.13156410904585,whittle,1
7,990,73.76237623762376,222.83575792798575,whittle,1
8,1137,72.77227722772277,221.11342005147588,whittle,1
9,1300,80.6930693069307,244.24156078957483,whittle,1
10,1462,80.19801980198021,242.07383307459878,whittle,1
11,1620,78.21782178217822,235.9412945862414,whittle,1
12,1782,80.19801980198021,242.72974601988315,whittle,1
13,1934,75.24752475247524,228.16778658252323,whittle,1
14,2078,71.28712871287128,216.67106177300144,whittle,1
15,2234,77.22772277227723,234.0883082518323,whittle,1
16,2384,74.25742574257426,225.13066371940528,whittle,1
17,2523,68.8118811881188,204.257304253328,whittle,1
18,2674,74.75247524752476,223.58882032946102,whittle,1
19,2834,79.20792079207921,239.88365608845734,whittle,1
20,3003,83.66336633663366,254.66582987142058,whittle,1
1,92,45.54455445544555,137.68188184748064,random,1
2,211,58.91089108910891,179.2963782120407,random,1
3,363,75.24752475247524,230.15525388084953,random,1
4,513,74.25742574257426,224.38023207486904,random,1
5,661,73.26732673267327,221.86596942005008,random,1
6,812,74.75247524752476,226.97648840501415,random,1
7,961,73.76237623762376,224.61319822734814,random,1
8,1116,76.73267326732673,235.74712318784185,random,1
9,1266,74.25742574257426,228.66649849187075,random,1
10,1425,78.71287128712872,240.36509084105893,random,1
11,1571,72.27722772277228,219.82828053063125,random,1
12,1718,72.77227722772277,220.32798850735236,random,1
13,1871,75.74257425742574,230.0645790438914,random,1
14,2018,72.77227722772277,222.24042133036411,random,1
15,2172,76.23762376237624,232.75967465933843,random,1
16,2328,77.22772277227723,235.73544208876407,random,1
17,2480,75.24752475247524,226.69064399509594,random,1
18,2639,78.71287128712872,240.80021504405642,random,1
19,2802,80.6930693069307,243.16978449122666,random,1
20,2966,81.1881188118812,245.81759271073415,random,1
1,93,46.03960396039604,135.33970143060014,dqn,2
2,227,66.33663366336634,201.94322253491364,dqn,2
3,377,74.25742574257426,225.1631258533227,dqn,2
4,530,75.74257425742574,229.648788884069,dqn,2
5,674,71.28712871287128,215.24708462235432,dqn,2
6,837,80.6930693069307,245.3674140698176,dqn,2
7,1007,84.15841584158416,254.3429059609901,dqn,2
8,1166,78.71287128712872,237.2440827228416,dqn,2
9,1325,78.71287128712872,237.11970707811383,dqn,2
10,1494,83.66336633663366,254.52497303096595,dqn,2
11,1653,78.71287128712872,238.87713782689235,dqn,2
12,1817,81.1881188118812,246.52795316414108,dqn,2
13,1980,80.6930693069307,247.79247829262522,dqn,2
14,2140,79.20792079207921,242.1371320156095,dqn,2
15,2291,74.75247524752476,226.84700349542882,dqn,2
16,2450,78.71287128712872,238.87113642183766,dqn,2
17,2607,77.72277227722772,234.13218421424605,dqn,2
18,2758,74.75247524752476,228.05230058476909,dqn,2
19,2912,76.23762376237624,231.03086682104333,dqn,2
20,3082,84.15841584158416,256.4257859087308,dqn,2
1,106,52.475247524752476,158.90209909103604,cdsqn,2
2,246,69.3069306930693,210.91822547846317,cdsqn,2
3,383,67.82178217821783,204.29924458459237,cdsqn,2
4,527,71.28712871287128,215.72257401893904,cdsqn,2
5,677,74.25742574257426,224.7869627406585,cdsqn,2
6,831,76.23762376237624,229.21319637897778,cdsqn,2
7,971,69.3069306930693,209.63166055376934,cdsqn,2
8,1116,71.78217821782178,216.78417526360417,cdsqn,2
9,1272,77.22772277227723,234.11652537607836,cdsqn,2
10,1433,79.70297029702971,241.97860239785234,cdsqn,2
11,1591,78.21782178217822,237.1230514841035,cdsqn,2
12,1752,79.70297029702971,242.3090953394368,cdsqn,2
13,1917,81.68316831683168,249.86351062654512,cdsqn,2
14,2074,77.72277227722772,236.88641560691676,cdsqn,2
15,2222,73.26732673267327,224.9029875736725,cdsqn,2
16,2370,73.26732673267327,222.66411358742508,cdsqn,2
17,2518,73.26732673267327,223.58978899498732,cdsqn,2
18,2671,75.74257425742574,230.96402070374583,cdsqn,2
19,2823,75.24752475247524,228.34942644212757,cdsqn,2
20,2973,74.25742574257426,225.21771241442264,cdsqn,2
1,103,50.99009900990099,156.6106006884545,whittle,2
2,238,66.83168316831683,201.64544218497335,whittle,2
3,394,77.22772277227723,234.10404546975778,whittle,2
4,546,75.24752475247524,228.5676928816174,whittle,2
5,699,75.74257425742574,228.58451359608978,whittle,2
6,866,82.67326732673267,250.95069545629903,whittle,2
7,1034,83.16831683168317,251.16487261624806,whittle,2
8,1190,77.22772277227723,232.38865987743392,whittle,2
9,1352,80.19801980198021,241.3328857462759,whittle,2
10,1509,77.72277227722772,236.66307518038798,whittle,2
11,1671,80.19801980198021,242.0069877145157,whittle,2
12,1827,77.22772277227723,233.79594206228953,whittle,2
13,1996,83.66336633663366,252.12540326538314,whittle,2
14,2157,79.70297029702971,240.0217115852356,whittle,2
15,2325,83.16831683168317,251.58364150425294,whittle,2
16,2493,83.16831683168317,253.5365730220347,whittle,2
17,2659,82.17821782178217,246.8159582516575,whittle,2
18,2825,82.17821782178217,250.4764688630395,whittle,2
19,2979,76.23762376237624,230.8677405607093,whittle,2
20,3136,77.72277227722772,235.719109555915,whittle,2
1,87,43.06930693069307,131.63503164374148,random,2
2,208,59.900990099009896,181.70283437271553,random,2
3,343,66.83168316831683,200.4725775336871,random,2
4,483,69.3069306930693,210.63870552644735,random,2
5,633,74.25742574257426,225.19949817250688,random,2
6,783,74.25742574257426,225.82616706453808,random,2
7,933,74.25742574257426,222.17186794037357,random,2
8,1089,77.22772277227723,233.31636696452932,random,2
9,1249,79.20792079207921,237.4441838032566,random,2
10,1409,79.20792079207921,239.4386210653897,random,2
11,1569,79.20792079207921,240.50178017765796,random,2
12,1723,76.23762376237624,229.05271000014355,random,2
13,1894,84.65346534653465,255.76320730117018,random,2
14,2062,83.16831683168317,252.70762458908087,random,2
15,2229,82.67326732673267,248.3305402618779,random,2
16,2388,78.71287128712872,237.50185453152886,random,2
17,2547,78.71287128712872,238.79694409490523,random,2
18,2708,79.70297029702971,241.6947637079812,random,2
19,2862,76.23762376237624,227.7424249321687,random,2
20,3019,77.72277227722772,233.74879728417395,random,2
1,89,44.05940594059406,135.96929460878226,dqn,3
2,220,64.85148514851485,199.1806148701307,dqn,3
3,372,75.24752475247524,230.67473153202255,dqn,3
4,527,76.73267326732673,237.7965932553286,dqn,3
5,678,74.75247524752476,230.06320523084108,dqn,3
6,843,81.68316831683168,247.22263820726536,dqn,3
7,999,77.22772277227723,235.6198503967339,dqn,3
8,1146,72.77227722772277,223.5723669465377,dqn,3
9,1307,79.70297029702971,243.78063045137625,dqn,3
10,1470,80.6930693069307,242.75541765633704,dqn,3
11,1625,76.73267326732673,234.8023150484455,dqn,3
12,1779,76.23762376237624,231.6812550823193,dqn,3
13,1935,77.22772277227723,236.86702280000492,dqn,3
14,2092,77.72277227722772,237.98512774744069,dqn,3
15,2253,79.70297029702971,243.83391642381994,dqn,3
16,2408,76.73267326732673,232.43765908136672,dqn,3
17,2563,76.73267326732673,233.21183972173216,dqn,3
18,2719,77.22772277227723,235.23108712310443,dqn,3
19,2878,78.71287128712872,238.53868868747884,dqn,3
20,3047,83.66336633663366,252.90576953441254,dqn,3
1,103,50.99009900990099,157.2017913607018,cdsqn,3
2,234,64.85148514851485,196.92546535910807,cdsqn,3
3,373,68.8118811881188,209.43786626918862,cdsqn,3
4,525,75.24752475247524,228.73304701408213,cdsqn,3
5,667,70.29702970297029,213.64916825035255,cdsqn,3
6,817,74.25742574257426,226.08199645902806,cdsqn,3
7,959,70.29702970297029,214.54494457420154,cdsqn,3
8,1097,68.31683168316832,211.4259917249181,cdsqn,3
9,1254,77.72277227722772,238.4742844514759,cdsqn,3
10,1411,77.72277227722772,237.43410711000016,cdsqn,3
11,1559,73.26732673267327,223.38012857067997,cdsqn,3
12,1708,73.76237623762376,223.16643790272778,cdsqn,3
13,1855,72.77227722772277,219.28111060273042,cdsqn,3
14,2000,71.78217821782178,217.2265653601681,cdsqn,3
15,2151,74.75247524752476,228.49931210447394,cdsqn,3
16,2305,76.23762376237624,233.17832565168354,cdsqn,3
17,2460,76.73267326732673,234.8610145795722,cdsqn,3
18,2610,74.25742574257426,225.90329399418425,cdsqn,3
19,2766,77.22772277227723,233.1590032299257,cdsqn,3
20,2919,75.74257425742574,228.25088902335546,cdsqn,3
1,96,47.524752475247524,148.07053559792553,whittle,3
2,233,67.82178217821783,205.6929052574203,whittle,3
3,375,70.29702970297029,213.03808732704425,whittle,3
4,527,75.24752475247524,228.00182329221533,whittle,3
5,680,75.74257425742574,232.52776889460944,whittle,3
6,829,73.76237623762376,223.89217681100956,whittle,3
7,981,75.24752475247524,229.69145273246616,whittle,3
8,1136,76.73267326732673,232.4655456144307,whittle,3
9,1292,77.22772277227723,235.1710676074566,whittle,3
10,1439,72.77227722772277,220.54145620220348,whittle,3
11,1593,76.23762376237624,231.88005152700947,whittle,3
12,1744,74.75247524752476,225.52038573591216,whittle,3
13,1905,79.70297029702971,242.99369210456504,whittle,3
14,2060,76.73267326732673,232.59061933039595,whittle,3
15,2216,77.22772277227723,236.65163501627723,whittle,3
16,2371,76.73267326732673,232.23314231163943,whittle,3
17,2526,76.73267326732673,234.55277234951353,whittle,3
18,2686,79.20792079207921,241.77501626728022,whittle,3
19,2848,80.19801980198021,245.69302031558422,whittle,3
20,3003,76.73267326732673,237.04544348914445,whittle,3
1,96,47.524752475247524,146.962145090483,random,3
2,213,57.920792079207914,178.0426253527403,random,3
3,354,69.80198019801979,212.2385770310941,random,3
4,507,75.74257425742574,233.55427134578406,random,3
5,659,75.24752475247524,230.55535173689694,random,3
6,819,79.20792079207921,241.01370827681782,random,3
7,979,79.20792079207921,241.67475994387596,random,3
8,1135,77.22772277227723,233.65455072771763,random,3
9,1286,74.75247524752476,227.9651302549753,random,3
10,1440,76.23762376237624,230.99041317153979,random,3
11,1590,74.25742574257426,226.18941125055045,random,3
12,1741,74.75247524752476,223.6330721355272,random,3
13,1888,72.77227722772277,218.23676324575172,random,3
14,2039,74.75247524752476,225.8988138005282,random,3
15,2192,75.74257425742574,230.36504007521572,random,3
16,2338,72.27722772277228,217.76188254546756,random,3
17,2482,71.28712871287128,215.0630486732524,random,3
18,2639,77.72277227722772,234.22963501340996,random,3
19,2793,76.23762376237624,229.03680079463894,random,3
20,2945,75.24752475247524,227.5331748436156,random,3
1,105,51.98019801980198,156.41675834562992,dqn,4
2,243,68.31683168316832,208.926243242407,dqn,4
3,389,72.27722772277228,215.72714691161053,dqn,4
4,542,75.74257425742574,228.81387763180263,dqn,4
5,694,75.24752475247524,228.4379384620395,dqn,4
6,859,81.68316831683168,248.93590821756447,dqn,4
7,1021,80.19801980198021,243.32635639023815,dqn,4
8,1176,76.73267326732673,232.92793133895344,dqn,4
9,1325,73.76237623762376,224.0254383498618,dqn,4
10,1493,83.16831683168317,254.59717058396802,dqn,4
11,1648,76.73267326732673,233.29000815491798,dqn,4
12,1800,75.24752475247524,227.36546933630376,dqn,4
13,1961,79.70297029702971,242.6504021709962,dqn,4
14,2125,81.1881188118812,248.18422895208468,dqn,4
15,2288,80.6930693069307,245.97445137121014,dqn,4
16,2447,78.71287128712872,241.87154723965403,dqn,4
17,2602,76.73267326732673,232.52753468302092,dqn,4
18,2759,77.72277227722772,236.86541908837884,dqn,4
19,2922,80.6930693069307,243.75718962086674,dqn,4
20,3074,75.24752475247524,226.68715747920504,dqn,4
1,92,45.54455445544555,138.711002429808,cdsqn,4
2,226,66.33663366336634,199.8214474052106,cdsqn,4
3,366,69.3069306930693,210.6756250660715,cdsqn,4
4,508,70.29702970297029,214.28867719846127,cdsqn,4
5,664,77.22772277227723,235.13169341612345,cdsqn,4
6,814,74.25742574257426,226.9944198909716,cdsqn,4
7,960,72.27722772277228,219.62806950281578,cdsqn,4
8,1106,72.27722772277228,221.38781435211965,cdsqn,4
9,1262,77.22772277227723,236.8591242733374,cdsqn,4
10,1425,80.6930693069307,246.27284445347607,cdsqn,4
11,1583,78.21782178217822,239.8749786862709,cdsqn,4
12,1732,73.76237623762376,224.28738762055073,cdsqn,4
13,1882,74.25742574257426,225.43227144977584,cdsqn,4
14,2033,74.75247524752476,226.98394532067562,cdsqn,4
15,2184,74.75247524752476,226.66558494835343,cdsqn,4
16,2337,75.74257425742574,228.90036742261134,cdsqn,4
17,2494,77.72277227722772,232.20991553296543,cdsqn,4
18,2662,83.16831683168317,250.08626716251712,cdsqn,4
19,2828,82.17821782178217,247.90094635886837,cdsqn,4
20,2986,78.21782178217822,236.2916308327786,cdsqn,4
1,96,47.524752475247524,147.2846724278398,whittle,4
2,214,58.415841584158414,177.29278127660208,whittle,4
3,360,72.27722772277228,217.6737594140886,whittle,4
4,502,70.29702970297029,211.4050545626769,whittle,4
5,651,73.76237623762376,219.88251803923592,whittle,4
6,806,76.73267326732673,232.59863880342974,whittle,4
7,959,75.74257425742574,229.07419443259712,whittle,4
8,1114,76.73267326732673,231.91299637108753,whittle,4
9,1280,82.17821782178217,248.6103226902989,whittle,4
10,1448,83.16831683168317,251.79947089420457,whittle,4
11,1611,80.6930693069307,245.76302783065768,whittle,4
12,1781,84.15841584158416,256.3406568806529,whittle,4
13,1943,80.19801980198021,244.90233462778315,whittle,4
14,2102,78.71287128712872,238.46482415913644,whittle,4
15,2262,79.20792079207921,240.52531203411138,whittle,4
16,2418,77.22772277227723,235.31614947592547,whittle,4
17,2574,77.22772277227723,235.27832300198585,whittle,4
18,2727,75.74257425742574,230.89098529288162,whittle,4
19,2888,79.70297029702971,243.77985023751825,whittle,4
20,3049,79.70297029702971,242.84230066524003,whittle,4
1,104,51.48514851485149,155.30248439300286,random,4
2,224,59.4059405940594,179.85931287196576,random,4
3,360,67.32673267326733,206.68992994209947,random,4
4,509,73.76237623762376,227.9083821042531,random,4
5,664,76.73267326732673,233.12021326455329,random,4
6,822,78.21782178217822,237.76430634513187,random,4
7,967,71.78217821782178,217.5586113463814,random,4
8,1112,71.78217821782178,220.83036360839486,random,4
9,1271,78.71287128712872,238.3764297880508,random,4
10,1427,77.22772277227723,235.83504879717086,random,4
11,1568,69.80198019801979,212.97749515589535,random,4
12,1703,66.83168316831683,204.22392116592047,random,4
13,1861,78.21782178217822,239.7637355682507,random,4
14,2013,75.24752475247524,230.40949265041897,random,4
15,2176,80.6930693069307,246.0642211976208,random,4
16,2332,77.22772277227723,233.80340690089278,random,4
17,2484,75.24752475247524,227.79809835459685,random,4
18,2635,74.75247524752476,225.85964389139667,random,4
19,2785,74.25742574257426,225.85698918647668,random,4
20,2934,73.76237623762376,223.8975138439811,random,4
1,102,50.495049504950494,151.36355154351247,dqn,5
2,229,62.87128712871287,192.32845190273886,dqn,5
3,370,69.80198019801979,212.4225267172287,dqn,5
4,528,78.21782178217822,236.7594196893215,dqn,5
5,688,79.20792079207921,240.2000707549322,dqn,5
6,858,84.15841584158416,256.8128999108114,dqn,5
7,1024,82.17821782178217,247.2734070943052,dqn,5
8,1175,74.75247524752476,227.52585091029653,dqn,5
9,1331,77.22772277227723,237.75092945540123,dqn,5
10,1492,79.70297029702971,242.05949617063982,dqn,5
11,1652,79.20792079207921,240.3176770032462,dqn,5
12,1815,80.6930693069307,243.73243350617082,dqn,5
13,1982,82.67326732673267,251.6327951272669,dqn,5
14,2130,73.26732673267327,224.30070812534345,dqn,5
15,2279,73.76237623762376,224.45300427323014,dqn,5
16,2427,73.26732673267327,220.64352533190052,dqn,5
17,2583,77.22772277227723,234.0718103848507,dqn,5
18,2744,79.70297029702971,241.68392828789032,dqn,5
19,2891,72.77227722772277,224.609251044765,dqn,5
20,3045,76.23762376237624,231.32889850854798,dqn,5
1,84,41.584158415841586,128.35602862989964,cdsqn,5
2,207,60.89108910891089,182.00714385864725,cdsqn,5
3,338,64.85148514851485,197.28537201855218,cdsqn,5
4,486,73.26732673267327,223.18945466047003,cdsqn,5
5,627,69.80198019801979,211.13784886730892,cdsqn,5
6,774,72.77227722772277,221.11540630216786,cdsqn,5
7,923,73.76237623762376,224.5776695453794,cdsqn,5
8,1076,75.74257425742574,229.3742165161165,cdsqn,5
9,1232,77.22772277227723,232.94692977158246,cdsqn,5
10,1386,76.23762376237624,231.40044476548078,cdsqn,5
11,1543,77.72277227722772,236.43283284239004,cdsqn,5
12,1689,72.27722772277228,219.37033257523308,cdsqn,5
13,1838,73.76237623762376,223.19304924075732,cdsqn,5
14,1990,75.24752475247524,228.07292839988423,cdsqn,5
15,2133,70.79207920792079,214.27750853172466,cdsqn,5
16,2283,74.25742574257426,223.68479424673043,cdsqn,5
17,2431,73.26732673267327,222.02924538549155,cdsqn,5
18,2575,71.28712871287128,217.45092742432317,cdsqn,5
19,2729,76.23762376237624,232.9401200312672,cdsqn,5
20,2888,78.71287128712872,237.8575429896674,cdsqn,5
1,103,50.99009900990099,155.86487571910354,whittle,5
2,227,61.386138613861384,188.19914101945093,whittle,5
3,366,68.8118811881188,212.03878445158026,whittle,5
4,516,74.25742574257426,225.26833687114345,whittle,5
5,663,72.77227722772277,221.68442700359657,whittle,5
6,811,73.26732673267327,221.25411025538162,whittle,5
7,967,77.22772277227723,233.3650242279501,whittle,5
8,1127,79.20792079207921,241.90945403092107,whittle,5
9,1295,83.16831683168317,251.68867227663392,whittle,5
10,1457,80.19801980198021,240.62724244287685,whittle,5
11,1625,83.16831683168317,250.54915074429564,whittle,5
12,1789,81.1881188118812,245.01860361205215,whittle,5
13,1951,80.19801980198021,242.08166330634162,whittle,5
14,2115,81.1881188118812,246.4120687126616,whittle,5
15,2276,79.70297029702971,241.7705505290528,whittle,5
16,2442,82.17821782178217,251.87043163752963,whittle,5
17,2598,77.22772277227723,235.55530971538604,whittle,5
18,2749,74.75247524752476,227.58548086091434,whittle,5
19,2909,79.20792079207921,241.35760363624627,whittle,5
20,3068,78.71287128712872,238.5755284795414,whittle,5
1,88,43.56435643564357,133.7235159641624,random,5
2,215,62.87128712871287,191.41500364818103,random,5
3,353,68.31683168316832,207.48460282329117,random,5
4,504,74.75247524752476,224.68883713572174,random,5
5,657,75.74257425742574,228.0152092719806,random,5
6,813,77.22772277227723,230.4786816659234,random,5
7,964,74.75247524752476,225.73701985222388,random,5
8,1120,77.22772277227723,236.59614979453954,random,5
9,1285,81.68316831683168,247.26037044272695,random,5
10,1443,78.21782178217822,237.44327848777357,random,5
11,1598,76.73267326732673,231.39474288191042,random,5
12,1754,77.22772277227723,235.18712626541034,random,5
13,1914,79.20792079207921,242.29758060647643,random,5
14,2081,82.67326732673267,250.07436204759767,random,5
15,2245,81.1881188118812,245.90788820524017,random,5
16,2399,76.23762376237624,232.59554090731976,random,5
17,2564,81.68316831683168,249.22739244199374,random,5
18,2726,80.19801980198021,243.96944205648063,random,5
19,2886,79.20792079207921,241.45059148716695,random,5
20,3048,80.19801980198021,244.86001181006745,random,5
1,105,51.98019801980198,158.14536552525487,dqn,6
2,238,65.84158415841584,199.18757004759644,dqn,6
3,387,73.76237623762376,222.86351599664587,dqn,6
4,540,75.74257425742574,231.43423681379645,dqn,6
5,697,77.72277227722772,235.26407160328728,dqn,6
6,861,81.1881188118812,244.3081934875613,dqn,6
7,1029,83.16831683168317,253.86509898021833,dqn,6
8,1195,82.17821782178217,249.17674621172813,dqn,6
9,1351,77.22772277227723,234.08432765680539,dqn,6
10,1505,76.23762376237624,232.21278993535432,dqn,6
11,1659,76.23762376237624,233.87892830156372,dqn,6
12,1819,79.20792079207921,241.23408822111406,dqn,6
13,1970,74.75247524752476,228.3207491727723,dqn,6
14,2131,79.70297029702971,244.86309964972222,dqn,6
15,2296,81.68316831683168,248.00373520432422,dqn,6
16,2458,80.19801980198021,243.0838214032466,dqn,6
17,2612,76.23762376237624,230.7623117725238,dqn,6
18,2768,77.22772277227723,235.41144731740042,dqn,6
19,2936,83.16831683168317,255.13812330406893,dqn,6
20,3088,75.24752475247524,228.0468036691897,dqn,6
1,100,49.504950495049506,154.8421535291803,cdsqn,6
2,233,65.84158415841584,202.35840332131818,cdsqn,6
3,366,65.84158415841584,201.64248228771967,cdsqn,6
4,513,72.77227722772277,225.14665940401477,cdsqn,6
5,665,75.24752475247524,230.73143666665175,cdsqn,6
6,820,76.73267326732673,232.33395194187128,cdsqn,6
7,976,77.22772277227723,231.77424037787713,cdsqn,6
8,1117,69.80198019801979,210.53820564526274,cdsqn,6
9,1266,73.76237623762376,225.1212897951291,cdsqn,6
10,1408,70.29702970297029,212.51511806732051,cdsqn,6
11,1554,72.27722772277228,218.20354464090684,cdsqn,6
12,1698,71.28712871287128,215.8667351468741,cdsqn,6
13,1837,68.8118811881188,207.3359289936249,cdsqn,6
14,1983,72.27722772277228,219.3288953582511,cdsqn,6
15,2132,73.76237623762376,226.00695493623078,cdsqn,6
16,2290,78.21782178217822,238.2844810602492,cdsqn,6
17,2438,73.26732673267327,220.59669116959887,cdsqn,6
18,2590,75.24752475247524,228.41893798520883,cdsqn,6
19,2742,75.24752475247524,228.60668385032878,cdsqn,6
20,2891,73.76237623762376,224.8171592182648,cdsqn,6
1,96,47.524752475247524,145.8167533234993,whittle,6
2,224,63.366336633663366,192.42670808254792,whittle,6
3,374,74.25742574257426,224.8188699236329,whittle,6
4,531,77.72277227722772,236.07244555597865,whittle,6
5,691,79.20792079207921,239.99171033514418,whittle,6
6,846,76.73267326732673,231.56528482974423,whittle,6
7,1009,80.6930693069307,243.8896263548373,whittle,6
8,1171,80.19801980198021,243.03795319480756,whittle,6
9,1327,77.22772277227723,235.71170398738403,whittle,6
10,1487,79.20792079207921,240.41664775475434,whittle,6
11,1642,76.73267326732673,235.18179378060577,whittle,6
12,1800,78.21782178217822,241.78817360404324,whittle,6
13,1953,75.74257425742574,231.92141776901175,whittle,6
14,2111,78.21782178217822,238.0318353413505,whittle,6
15,2261,74.25742574257426,225.63662614620284,whittle,6
16,2418,77.72277227722772,238.51712974548244,whittle,6
17,2572,76.23762376237624,232.03805838546876,whittle,6
18,2728,77.22772277227723,233.24185879530816,whittle,6
19,2882,76.23762376237624,230.05948681666618,whittle,6
20,3027,71.78217821782178,217.6180496850686,whittle,6
1,103,50.99009900990099,156.6469030537102,random,6
2,235,65.34653465346535,200.45202785077382,random,6
3,369,66.33663366336634,202.83676300043848,random,6
4,508,68.8118811881188,209.25552884349395,random,6
5,656,73.26732673267327,223.16682505368496,random,6
6,803,72.77227722772277,221.71698208917192,random,6
7,960,77.72277227722772,237.33005258588716,random,6
8,1114,76.23762376237624,231.1671250704941,random,6
9,1261,72.77227722772277,219.10139496555647,random,6
10,1417,77.22772277227723,230.53880808680722,random,6
11,1564,72.77227722772277,219.29282766010573,random,6
12,1715,74.75247524752476,224.30167030600123,random,6
13,1864,73.76237623762376,222.88163385780376,random,6
14,2013,73.76237623762376,223.6070465434203,random,6
15,2169,77.22772277227723,234.2939077042534,random,6
16,2328,78.71287128712872,242.0892517440776,random,6
17,2487,78.71287128712872,236.4256390170257,random,6
18,2646,78.71287128712872,241.340216494608,random,6
19,2807,79.70297029702971,244.1182723367536,random,6
20,2956,73.76237623762376,223.47599282817768,random,6
1,112,55.44554455445545,171.9991040474843,dqn,7
2,243,64.85148514851485,197.38202395249525,dqn,7
3,383,69.3069306930693,212.42162587704786,dqn,7
4,544,79.70297029702971,241.1064244330218,dqn,7
5,704,79.20792079207921,237.6952354614054,dqn,7
6,861,77.72277227722772,236.71971841890104,dqn,7
7,1019,78.21782178217822,237.94383241852668,dqn,7
8,1175,77.22772277227723,235.97282468728474,dqn,7
9,1333,78.21782178217822,238.41474957017738,dqn,7
10,1486,75.74257425742574,229.72997318267105,dqn,7
11,1645,78.71287128712872,238.7592973332988,dqn,7
12,1805,79.20792079207921,241.3361485366406,dqn,7
13,1961,77.22772277227723,233.33842473417673,dqn,7
14,2122,79.70297029702971,241.95385799851775,dqn,7
15,2275,75.74257425742574,230.61854221654983,dqn,7
16,2445,84.15841584158416,256.93199151044087,dqn,7
17,2616,84.65346534653465,256.45003059217987,dqn,7
18,2788,85.14851485148515,257.6635453484752,dqn,7
19,2957,83.66336633663366,253.42998112532172,dqn,7
20,3120,80.6930693069307,245.3565233479853,dqn,7
1,100,49.504950495049506,152.6600589514145,cdsqn,7
2,226,62.37623762376238,189.6853407088689,cdsqn,7
3,359,65.84158415841584,201.10045572971208,cdsqn,7
4,492,65.84158415841584,199.22145770180262,cdsqn,7
5,644,75.24752475247524,227.20787047873353,cdsqn,7
6,797,75.74257425742574,229.43122925350013,cdsqn,7
7,948,74.75247524752476,228.60221862127307,cdsqn,7
8,1095,72.77227722772277,220.40302059855514,cdsqn,7
9,1250,76.73267326732673,232.01234468660869,cdsqn,7
10,1406,77.22772277227723,234.8534067849147,cdsqn,7
11,1561,76.73267326732673,236.1217371119386,cdsqn,7
12,1723,80.19801980198021,243.72222008574843,cdsqn,7
13,1877,76.23762376237624,234.81746739640897,cdsqn,7
14,2032,76.73267326732673,232.12601174159934,cdsqn,7
15,2177,71.78217821782178,218.55723853733434,cdsqn,7
16,2325,73.26732673267327,221.86376795121848,cdsqn,7
17,2477,75.24752475247524,228.9890444271545,cdsqn,7
18,2622,71.78217821782178,218.04221014479214,cdsqn,7
19,2770,73.26732673267327,221.96696421792007,cdsqn,7
20,2916,72.27722772277228,217.15882719847792,cdsqn,7
1,111,54.95049504950495,167.57320167147049,whittle,7
2,243,65.34653465346535,200.40782225580134,whittle,7
3,391,73.26732673267327,224.07956975073853,whittle,7
4,540,73.76237623762376,226.09605669235356,whittle,7
5,684,71.28712871287128,220.98182223481936,whittle,7
6,819,66.83168316831683,207.3673720153315,whittle,7
7,961,70.29702970297029,216.0644955593694,whittle,7
8,1110,73.76237623762376,225.1823962264102,whittle,7
9,1275,81.68316831683168,247.54658000311707,whittle,7
10,1428,75.74257425742574,231.0000945916888,whittle,7
11,1582,76.23762376237624,231.28447083909074,whittle,7
12,1731,73.76237623762376,222.5211682764251,whittle,7
13,1883,75.24752475247524,229.12950561349788,whittle,7
14,2041,78.21782178217822,239.14451470816417,whittle,7
15,2200,78.71287128712872,239.6205015663916,whittle,7
16,2362,80.19801980198021,243.17596159176145,whittle,7
17,2524,80.19801980198021,241.9730152075232,whittle,7
18,2682,78.21782178217822,238.42250383050052,whittle,7
19,2837,76.73267326732673,232.661779539719,whittle,7
20,2995,78.21782178217822,237.5461898629631,whittle,7
1,89,44.05940594059406,135.36408426842033,random,7
2,222,65.84158415841584,199.31200628406415,random,7
3,362,69.3069306930693,209.9293894923284,random,7
4,507,71.78217821782178,214.72971486454773,random,7
5,653,72.27722772277228,217.00855113322714,random,7
6,805,75.24752475247524,229.31738721228908,random,7
7,953,73.26732673267327,222.2429635348018,random,7
8,1104,74.75247524752476,225.83105246204263,random,7
9,1266,80.19801980198021,245.43897027719981,random,7
10,1435,83.66336633663366,255.23429789383863,random,7
11,1584,73.76237623762376,227.46902887761388,random,7
12,1734,74.25742574257426,225.11950967513704,random,7
13,1891,77.72277227722772,236.0950285877356,random,7
14,2039,73.26732673267327,220.48091333749392,random,7
15,2187,73.26732673267327,218.874339805936,random,7
16,2339,75.24752475247524,231.09885783301473,random,7
17,2489,74.25742574257426,224.91292064982446,random,7
18,2644,76.73267326732673,232.95886054950958,random,7
19,2804,79.20792079207921,240.83571935921833,random,7
20,2971,82.67326732673267,250.87228744963545,random,7
1,96,47.524752475247524,144.83747536229424,dqn,8
2,233,67.82178217821783,205.544912764806,dqn,8
3,381,73.26732673267327,222.03436877129295,dqn,8
4,534,75.74257425742574,231.86329887771805,dqn,8
5,702,83.16831683168317,252.06090293692415,dqn,8
6,872,84.15841584158416,253.1062831629133,dqn,8
7,1039,82.67326732673267,251.14129723674668,dqn,8
8,1202,80.6930693069307,246.45990364106774,dqn,8
9,1358,77.22772277227723,232.26187122366514,dqn,8
10,1510,75.24752475247524,229.05278548012072,dqn,8
11,1663,75.74257425742574,231.5630923772992,dqn,8
12,1824,79.70297029702971,244.5801447908968,dqn,8
13,1978,76.23762376237624,232.97582228258892,dqn,8
14,2136,78.21782178217822,240.29684521998493,dqn,8
15,2295,78.71287128712872,240.1574607425654,dqn,8
16,2460,81.68316831683168,249.54975736405996,dqn,8
17,2624,81.1881188118812,245.8681075930797,dqn,8
18,2781,77.72277227722772,236.10215866329446,dqn,8
19,2938,77.72277227722772,237.68266927960826,dqn,8
20,3090,75.24752475247524,232.79258163300173,dqn,8
1,103,50.99009900990099,154.36913432714266,cdsqn,8
2,238,66.83168316831683,202.86755472496978,cdsqn,8
3,390,75.24752475247524,229.81992194975092,cdsqn,8
4,544,76.23762376237624,234.43622292360826,cdsqn,8
5,701,77.72277227722772,235.69849495282074,cdsqn,8
6,854,75.74257425742574,230.46126398309968,cdsqn,8
7,1003,73.76237623762376,224.41167400809587,cdsqn,8
8,1153,74.25742574257426,227.00960747191806,cdsqn,8
9,1309,77.22772277227723,238.11638589321734,cdsqn,8
10,1462,75.74257425742574,230.53058490334735,cdsqn,8
11,1618,77.22772277227723,235.02174443872065,cdsqn,8
12,1771,75.74257425742574,233.00106472715237,cdsqn,8
13,1919,73.26732673267327,222.57211719414315,cdsqn,8
14,2070,74.75247524752476,228.93950670441004,cdsqn,8
15,2224,76.23762376237624,233.2858469748363,cdsqn,8
16,2373,73.76237623762376,224.34653926081978,cdsqn,8
17,2526,75.74257425742574,231.49265664253747,cdsqn,8
18,2663,67.82178217821783,210.2569753124943,cdsqn,8
19,2807,71.28712871287128,220.73924053275766,cdsqn,8
20,2960,75.74257425742574,233.19770327865396,cdsqn,8
1,99,49.00990099009901,147.21960173214762,whittle,8
2,230,64.85148514851485,197.91407433960114,whittle,8
3,378,73.26732673267327,222.54090890598744,whittle,8
4,527,73.76237623762376,226.39909489823464,whittle,8
5,691,81.1881188118812,248.1607451278848,whittle,8
6,849,78.21782178217822,237.21440139026748,whittle,8
7,1020,84.65346534653465,256.5953931563504,whittle,8
8,1192,85.14851485148515,260.6129615752636,whittle,8
9,1358,82.17821782178217,252.1995415734174,whittle,8
10,1523,81.68316831683168,248.36744082182108,whittle,8
11,1674,74.75247524752476,226.21965571817864,whittle,8
12,1818,71.28712871287128,216.0591317325195,whittle,8
13,1972,76.23762376237624,231.23580747053407,whittle,8
14,2126,76.23762376237624,229.77540528673617,whittle,8
15,2289,80.6930693069307,246.70179086355344,whittle,8
16,2446,77.72277227722772,234.98239064808303,whittle,8
17,2606,79.20792079207921,242.36642641771186,whittle,8
18,2766,79.20792079207921,240.98140398362756,whittle,8
19,2925,78.71287128712872,240.79991325710304,whittle,8
20,3094,83.66336633663366,256.2149763439595,whittle,8
1,101,50.0,152.48129123947598,random,8
2,228,62.87128712871287,191.35641527152652,random,8
3,360,65.34653465346535,197.13382303240422,random,8
4,509,73.76237623762376,221.4549443534194,random,8
5,667,78.21782178217822,236.0794153268498,random,8
6,821,76.23762376237624,229.54011076926952,random,8
7,966,71.78217821782178,212.83183695387018,random,8
8,1118,75.24752475247524,228.9496932052311,random,8
9,1267,73.76237623762376,224.8594716204176,random,8
10,1421,76.23762376237624,230.58926254002353,random,8
11,1582,79.70297029702971,244.6167309607679,random,8
12,1738,77.22772277227723,234.63118486583613,random,8
13,1900,80.19801980198021,243.85996728798696,random,8
14,2058,78.21782178217822,238.3655721881977,random,8
15,2206,73.26732673267327,223.4529999273636,random,8
16,2363,77.72277227722772,234.64181761203767,random,8
17,2520,77.72277227722772,234.83273908570595,random,8
18,2676,77.22772277227723,235.84795631931198,random,8
19,2830,76.23762376237624,233.03123839737108,random,8
20,2990,79.20792079207921,241.75805095903007,random,8
1,87,43.06930693069307,130.19787305361913,dqn,9
2,216,63.86138613861386,193.28508693231194,dqn,9
3,363,72.77227722772277,221.28712229872613,dqn,9
4,519,77.22772277227723,231.3451225120443,dqn,9
5,675,77.22772277227723,231.82221072837146,dqn,9
6,826,74.75247524752476,224.35686000850956,dqn,9
7,980,76.23762376237624,230.81475558296182,dqn,9
8,1139,78.71287128712872,240.043853653891,dqn,9
9,1297,78.21782178217822,236.78366602023104,dqn,9
10,1460,80.6930693069307,245.60204343218,dqn,9
11,1617,77.72277227722772,235.9074848378833,dqn,9
12,1774,77.72277227722772,234.98976915760207,dqn,9
13,1921,72.77227722772277,221.3129789224123,dqn,9
14,2076,76.73267326732673,230.19374921764594,dqn,9
15,2233,77.72277227722772,236.18058636528258,dqn,9
16,2384,74.75247524752476,225.58295017302234,dqn,9
17,2544,79.20792079207921,240.0929789536845,dqn,9
18,2702,78.21782178217822,238.88601716249048,dqn,9
19,2861,78.71287128712872,240.73902522972497,dqn,9
20,3026,81.68316831683168,250.4125942467894,dqn,9
1,101,50.0,150.69286981545127,cdsqn,9
2,227,62.37623762376238,189.0989995838093,cdsqn,9
3,378,74.75247524752476,226.0071934788934,cdsqn,9
4,520,70.29702970297029,212.9096441586092,cdsqn,9
5,666,72.27722772277228,219.97437908924098,cdsqn,9
6,815,73.76237623762376,224.92694472842945,cdsqn,9
7,968,75.74257425742574,230.0861060476834,cdsqn,9
8,1124,77.22772277227723,235.6185802235264,cdsqn,9
9,1280,77.22772277227723,233.75434519962562,cdsqn,9
10,1438,78.21782178217822,237.72872429163064,cdsqn,9
11,1589,74.75247524752476,227.6662978787258,cdsqn,9
12,1748,78.71287128712872,240.86237703895543,cdsqn,9
13,1902,76.23762376237624,228.65494930903986,cdsqn,9
14,2058,77.22772277227723,233.27113197424126,cdsqn,9
15,2215,77.72277227722772,235.34360675780945,cdsqn,9
16,2380,81.68316831683168,247.90829990636598,cdsqn,9
17,2542,80.19801980198021,241.82170660533515,cdsqn,9
18,2695,75.74257425742574,230.74965715780618,cdsqn,9
19,2843,73.26732673267327,220.05348963688667,cdsqn,9
20,2991,73.26732673267327,221.91383289504788,cdsqn,9
1,93,46.03960396039604,141.97884351049808,whittle,9
2,223,64.35643564356435,196.70744385319105,whittle,9
3,375,75.24752475247524,226.87107973668262,whittle,9
4,528,75.74257425742574,229.82590072623046,whittle,9
5,679,74.75247524752476,222.75456734088806,whittle,9
6,831,75.24752475247524,226.83843220584154,whittle,9
7,982,74.75247524752476,227.4017795502088,whittle,9
8,1136,76.23762376237624,230.48554656534003,whittle,9
9,1280,71.28712871287128,218.35979529077997,whittle,9
10,1433,75.74257425742574,229.17846435885883,whittle,9
11,1588,76.73267326732673,232.47374034026777,whittle,9
12,1742,76.23762376237624,230.85976597210603,whittle,9
13,1900,78.21782178217822,239.09041933915697,whittle,9
14,2052,75.24752475247524,227.92954415695405,whittle,9
15,2214,80.19801980198021,241.01804460844255,whittle,9
16,2375,79.70297029702971,240.82101449594478,whittle,9
17,2520,71.78217821782178,220.5551454178248,whittle,9
18,2673,75.74257425742574,232.50431599828207,whittle,9
19,2830,77.72277227722772,235.7948727833688,whittle,9
20,2987,77.72277227722772,236.95016736477885,whittle,9
1,92,45.54455445544555,141.40794946500637,random,9
2,221,63.86138613861386,196.172304044139,random,9
3,360,68.8118811881188,210.81492778729626,random,9
4,506,72.27722772277228,218.57481341481974,random,9
5,656,74.25742574257426,225.22007864908417,random,9
6,818,80.19801980198021,239.67934729732178,random,9
7,981,80.6930693069307,244.70510973469553,random,9
8,1134,75.74257425742574,230.80539358636156,random,9
9,1284,74.25742574257426,228.108763249342,random,9
10,1447,80.6930693069307,246.65171943178228,random,9
11,1603,77.22772277227723,232.87124455455097,random,9
12,1767,81.1881188118812,246.5743221181643,random,9
13,1923,77.22772277227723,236.3436888317936,random,9
14,2073,74.25742574257426,222.9595353551423,random,9
15,2220,72.77227722772277,220.52486347647155,random,9
16,2381,79.70297029702971,243.49795111981587,random,9
17,2535,76.23762376237624,232.5409307537844,random,9
18,2695,79.20792079207921,239.23783850819973,random,9
19,2855,79.20792079207921,242.67970818149456,random,9
20,3016,79.70297029702971,245.86026902235486,random,9
1,106,52.475247524752476,160.3308153838614,dqn,10
2,227,59.900990099009896,175.01347620168514,dqn,10
3,378,74.75247524752476,227.16172463616337,dqn,10
4,535,77.72277227722772,235.0775951180643,dqn,10
5,686,74.75247524752476,228.67779618825298,dqn,10
6,835,73.76237623762376,222.2851280356741,dqn,10
7,991,77.22772277227723,234.96649448206372,dqn,10
8,1153,80.19801980198021,244.29632273489162,dqn,10
9,1308,76.73267326732673,235.52077524018767,dqn,10
10,1462,76.23762376237624,228.3832670453966,dqn,10
11,1616,76.23762376237624,231.22535539444664,dqn,10
12,1778,80.19801980198021,244.92179009534127,dqn,10
13,1930,75.24752475247524,229.2230695099967,dqn,10
14,2080,74.25742574257426,226.78657090686278,dqn,10
15,2241,79.70297029702971,242.40232308774276,dqn,10
16,2405,81.1881188118812,245.61775219552675,dqn,10
17,2556,74.75247524752476,223.7901445627633,dqn,10
18,2717,79.70297029702971,240.53499321796772,dqn,10
19,2878,79.70297029702971,244.0177221792898,dqn,10
20,3034,77.22772277227723,237.04214104677453,dqn,10
1,103,50.99009900990099,156.40693966681343,cdsqn,10
2,233,64.35643564356435,198.2818157785659,cdsqn,10
3,377,71.28712871287128,218.4642403452693,cdsqn,10
4,525,73.26732673267327,221.25264290377817,cdsqn,10
5,677,75.24752475247524,229.87051793856105,cdsqn,10
6,832,76.73267326732673,233.59586936126396,cdsqn,10
7,993,79.70297029702971,242.47192829239174,cdsqn,10
8,1151,78.21782178217822,237.78601761594612,cdsqn,10
9,1310,78.71287128712872,237.334997250866,cdsqn,10
10,1465,76.73267326732673,234.36080318693791,cdsqn,10
11,1612,72.77227722772277,220.98625894581014,cdsqn,10
12,1770,78.21782178217822,239.0978667759135,cdsqn,10
13,1916,72.27722772277228,218.84148213599624,cdsqn,10
14,2067,74.75247524752476,227.95231110474734,cdsqn,10
15,2221,76.23762376237624,232.49424027559246,cdsqn,10
16,2378,77.72277227722772,236.84432412402495,cdsqn,10
17,2534,77.22772277227723,236.52130936042704,cdsqn,10
18,2677,70.79207920792079,213.54781025879956,cdsqn,10
19,2831,76.23762376237624,231.5221879035225,cdsqn,10
20,2983,75.24752475247524,229.61817750761537,cdsqn,10
1,94,46.53465346534654,145.08136298702493,whittle,10
2,218,61.386138613861384,186.95395704873667,whittle,10
3,366,73.26732673267327,217.81425787693632,whittle,10
4,514,73.26732673267327,220.93444368181045,whittle,10
5,669,76.73267326732673,233.8672937003458,whittle,10
6,817,73.26732673267327,224.15713049518712,whittle,10
7,963,72.27722772277228,217.49934040131683,whittle,10
8,1108,71.78217821782178,217.40914813980072,whittle,10
9,1244,67.32673267326733,203.14001793154955,whittle,10
10,1401,77.72277227722772,236.47386193052148,whittle,10
11,1564,80.6930693069307,248.77428880414536,whittle,10
12,1723,78.71287128712872,242.88685151798927,whittle,10
13,1881,78.21782178217822,238.86889394548578,whittle,10
14,2032,74.75247524752476,230.9726860623728,whittle,10
15,2184,75.24752475247524,232.1361486899985,whittle,10
16,2345,79.70297029702971,243.64923936365363,whittle,10
17,2513,83.16831683168317,253.99050607373232,whittle,10
18,2678,81.68316831683168,248.20712902169552,whittle,10
19,2842,81.1881188118812,245.7064783942933,whittle,10
20,3006,81.1881188118812,246.18523379556362,whittle,10
1,96,47.524752475247524,144.00323592385033,random,10
2,223,62.87128712871287,191.40322456713875,random,10
3,374,74.75247524752476,228.89154287589116,random,10
4,531,77.72277227722772,238.93122318565986,random,10
5,681,74.25742574257426,226.7672449124454,random,10
6,838,77.72277227722772,238.35127334771659,random,10
7,998,79.20792079207921,243.6204270663912,random,10
8,1153,76.73267326732673,235.90120751246977,random,10
9,1311,78.21782178217822,236.9250012619097,random,10
10,1461,74.25742574257426,224.26921531078827,random,10
11,1617,77.22772277227723,234.9940677720596,random,10
12,1774,77.72277227722772,235.31337129512576,random,10
13,1909,66.83168316831683,201.3432090425977,random,10
14,2052,70.79207920792079,214.48934823227341,random,10
15,2184,65.34653465346535,197.87881179771946,random,10
16,2332,73.26732673267327,221.72549088458123,random,10
17,2475,70.79207920792079,217.5894934707034,random,10
18,2630,76.73267326732673,234.7470744926444,random,10
19,2782,75.24752475247524,227.69900901082428,random,10
20,2929,72.77227722772277,221.13677053214573,random,10
1,103,50.99009900990099,156.67389940918252,dqn,11
2,237,66.33663366336634,201.86043806253767,dqn,11
3,391,76.23762376237624,231.61292590230758,dqn,11
4,545,76.23762376237624,231.45788016336672,dqn,11
5,705,79.20792079207921,240.54109295335428,dqn,11
6,866,79.70297029702971,243.4609997927151,dqn,11
7,1028,80.19801980198021,242.29014815511277,dqn,11
8,1183,76.73267326732673,234.46875782600227,dqn,11
9,1338,76.73267326732673,233.36059130357617,dqn,11
10,1490,75.24752475247524,231.06970437654937,dqn,11
11,1647,77.72277227722772,236.37447552756313,dqn,11
12,1801,76.23762376237624,233.0619468593393,dqn,11
13,1960,78.71287128712872,241.80418529538318,dqn,11
14,2121,79.70297029702971,245.20254093925914,dqn,11
15,2282,79.70297029702971,243.0299555796973,dqn,11
16,2435,75.74257425742574,230.90813490137882,dqn,11
17,2598,80.6930693069307,244.96381067089766,dqn,11
18,2756,78.21782178217822,237.83705673153156,dqn,11
19,2913,77.72277227722772,236.13702272449225,dqn,11
20,3063,74.25742574257426,225.83560032560834,dqn,11
1,93,46.03960396039604,139.51678400050034,cdsqn,11
2,220,62.87128712871287,187.34486952938087,cdsqn,11
3,356,67.32673267326733,202.40683769511708,cdsqn,11
4,498,70.29702970297029,213.41530135135437,cdsqn,11
5,650,75.24752475247524,223.85600919886582,cdsqn,11
6,797,72.77227722772277,221.74470436715868,cdsqn,11
7,949,75.24752475247524,229.0485259124128,cdsqn,11
8,1106,77.72277227722772,235.2321320115956,cdsqn,11
9,1260,76.23762376237624,230.1121241970686,cdsqn,11
10,1414,76.23762376237624,229.74393096993262,cdsqn,11
11,1564,74.25742574257426,226.54271314642372,cdsqn,11
12,1722,78.21782178217822,236.69391053470844,cdsqn,11
13,1877,76.73267326732673,232.67770518682156,cdsqn,11
14,2034,77.72277227722772,235.05271132276638,cdsqn,11
15,2185,74.75247524752476,228.5706425958099,cdsqn,11
16,2334,73.76237623762376,224.3426537335854,cdsqn,11
17,2490,77.22772277227723,233.6826854275075,cdsqn,11
18,2652,80.19801980198021,242.81892636411692,cdsqn,11
19,2810,78.21782178217822,236.4342933625491,cdsqn,11
20,2974,81.1881188118812,245.26026849865417,cdsqn,11
1,89,44.05940594059406,134.43804976160504,whittle,11
2,210,59.900990099009896,181.20115573621842,whittle,11
3,356,72.27722772277228,220.40634328655403,whittle,11
4,512,77.22772277227723,233.23463733547294,whittle,11
5,671,78.71287128712872,240.4039572658782,whittle,11
6,826,76.73267326732673,231.49480619491965,whittle,11
7,990,81.1881188118812,246.2670125412053,whittle,11
8,1153,80.6930693069307,244.3622378098921,whittle,11
9,1306,75.74257425742574,231.96579518851797,whittle,11
10,1456,74.25742574257426,224.91844895527032,whittle,11
11,1599,70.79207920792079,216.31723475136928,whittle,11
12,1749,74.25742574257426,228.72442173985291,whittle,11
13,1903,76.23762376237624,231.23174914147555,whittle,11
14,2056,75.74257425742574,230.74086441743722,whittle,11
15,2216,79.20792079207921,243.26121165553542,whittle,11
16,2373,77.72277227722772,237.4549372886888,whittle,11
17,2530,77.72277227722772,236.44766447368062,whittle,11
18,2690,79.20792079207921,241.9594061072564,whittle,11
19,2852,80.19801980198021,244.77130217957884,whittle,11
20,3018,82.17821782178217,250.78541765194998,whittle,11
1,102,50.495049504950494,152.86177668057186,random,11
2,221,58.91089108910891,183.2082351044195,random,11
3,358,67.82178217821783,208.07895771341566,random,11
4,513,76.73267326732673,233.73241880028812,random,11
5,662,73.76237623762376,226.00326291454067,random,11
6,811,73.76237623762376,228.87518344085964,random,11
7,963,75.24752475247524,231.58427691777052,random,11
8,1112,73.76237623762376,227.2145505130975,random,11
9,1264,75.24752475247524,229.13294310566872,random,11
10,1423,78.71287128712872,238.6079245343325,random,11
11,1582,78.71287128712872,238.35784652930175,random,11
12,1736,76.23762376237624,231.82337878373968,random,11
13,1895,78.71287128712872,240.36959217952997,random,11
14,2049,76.23762376237624,232.90993781025966,random,11
15,2205,77.22772277227723,235.39400811108058,random,11
16,2350,71.78217821782178,217.3221967942043,random,11
17,2504,76.23762376237624,230.68810036000275,random,11
18,2646,70.29702970297029,212.68260960500703,random,11
19,2799,75.74257425742574,229.76129824640935,random,11
20,2954,76.73267326732673,231.77383860521695,random,11
1,98,48.51485148514851,148.32895905697288,dqn,12
2,237,68.8118811881188,208.84941524993363,dqn,12
3,382,71.78217821782178,219.1477368131385,dqn,12
4,530,73.26732673267327,224.62294097474805,dqn,12
5,677,72.77227722772277,221.3437479899886,dqn,12
6,837,79.20792079207921,237.94111512726622,dqn,12
7,986,73.76237623762376,224.07228168686808,dqn,12
8,1145,78.71287128712872,242.09555607531942,dqn,12
9,1316,84.65346534653465,258.5043965374009,dqn,12
10,1472,77.22772277227723,233.752198570562,dqn,12
11,1618,72.27722772277228,219.735460225069,dqn,12
12,1772,76.23762376237624,232.28984639909152,dqn,12
13,1926,76.23762376237624,230.5998927263489,dqn,12
14,2082,77.22772277227723,232.59669912223313,dqn,12
15,2247,81.68316831683168,248.93216100601177,dqn,12
16,2405,78.21782178217822,238.04731500879174,dqn,12
17,2559,76.23762376237624,230.34110264684358,dqn,12
18,2719,79.20792079207921,242.85482436087426,dqn,12
19,2876,77.72277227722772,237.90816726751854,dqn,12
20,3033,77.72277227722772,235.6611076318971,dqn,12
1,91,45.04950495049505,139.5885315871548,cdsqn,12
2,224,65.84158415841584,202.06831555134542,cdsqn,12
3,355,64.85148514851485,197.47875762453543,cdsqn,12
4,489,66.33663366336634,201.73470837407206,cdsqn,12
5,639,74.25742574257426,226.02461030331102,cdsqn,12
6,784,71.78217821782178,218.3518747514359,cdsqn,12
7,938,76.23762376237624,232.97491936942208,cdsqn,12
8,1090,75.24752475247524,227.8931143169884,cdsqn,12
9,1239,73.76237623762376,223.375287774981,cdsqn,12
10,1387,73.26732673267327,221.8487947215076,cdsqn,12
11,1539,75.24752475247524,226.32138026487416,cdsqn,12
12,1676,67.82178217821783,202.56199559835443,cdsqn,12
13,1830,76.23762376237624,230.9945563928428,cdsqn,12
14,1976,72.27722772277228,218.25233171123,cdsqn,12
15,2131,76.73267326732673,232.4049247554442,cdsqn,12
16,2282,74.75247524752476,228.60455965795498,cdsqn,12
17,2429,72.77227722772277,223.0486306681286,cdsqn,12
18,2573,71.28712871287128,217.60989083710558,cdsqn,12
19,2727,76.23762376237624,229.95935338428222,cdsqn,12
20,2882,76.73267326732673,233.85562499562394,cdsqn,12
1,98,48.51485148514851,151.53348464521684,whittle,12
2,226,63.366336633663366,193.66202136847426,whittle,12
3,358,65.34653465346535,199.82383399980893,whittle,12
4,499,69.80198019801979,214.3189733835286,whittle,12
5,648,73.76237623762376,225.7019467577692,whittle,12
6,804,77.22772277227723,235.4029467180162,whittle,12
7,963,78.71287128712872,237.5543706242996,whittle,12
8,1114,74.75247524752476,226.96003227381053,whittle,12
9,1268,76.23762376237624,230.96146462249482,whittle,12
10,1434,82.17821782178217,248.05645363357996,whittle,12
11,1594,79.20792079207921,239.5384429129699,whittle,12
12,1750,77.22772277227723,236.32363938668004,whittle,12
13,1910,79.20792079207921,240.74512332784866,whittle,12
14,2066,77.22772277227723,233.4187401522849,whittle,12
15,2216,74.25742574257426,222.60466532782104,whittle,12
16,2381,81.68316831683168,249.01961081318763,whittle,12
17,2547,82.17821782178217,249.45650653208398,whittle,12
18,2714,82.67326732673267,250.54120134714807,whittle,12
19,2860,72.27722772277228,218.82318959032744,whittle,12
20,3010,74.25742574257426,225.4870407325823,whittle,12
1,110,54.45544554455446,165.23885183326553,random,12
2,251,69.80198019801979,213.36405303778307,random,12
3,394,70.79207920792079,217.1509677022668,random,12
4,543,73.76237623762376,223.85873170559879,random,12
5,701,78.21782178217822,239.27021742768494,random,12
6,852,74.75247524752476,227.1497788593359,random,12
7,1009,77.72277227722772,235.25344133603872,random,12
8,1170,79.70297029702971,240.4341810879917,random,12
9,1326,77.22772277227723,233.65806156641023,random,12
10,1484,78.21782178217822,237.13471749525903,random,12
11,1632,73.26732673267327,221.58609564452536,random,12
12,1787,76.73267326732673,229.98687761828856,random,12
13,1947,79.20792079207921,239.25396188157833,random,12
14,2095,73.26732673267327,219.91476712413998,random,12
15,2257,80.19801980198021,240.9931949730906,random,12
16,2410,75.74257425742574,227.482228101534,random,12
17,2567,77.72277227722772,234.56304438556276,random,12
18,2726,78.71287128712872,237.69289898064594,random,12
19,2881,76.73267326732673,229.70913052666137,random,12
20,3039,78.21782178217822,237.07628507983569,random,12
1,112,55.44554455445545,169.12184895422718,dqn,13
2,247,66.83168316831683,204.04191837481565,dqn,13
3,391,71.28712871287128,216.87392419584447,dqn,13
4,530,68.8118811881188,207.62737482396804,dqn,13
5,689,78.71287128712872,239.19747389566302,dqn,13
6,849,79.20792079207921,240.03578818237287,dqn,13
7,1012,80.6930693069307,244.94069315814386,dqn,13
8,1174,80.19801980198021,241.2191865312123,dqn,13
9,1337,80.6930693069307,244.47538469640858,dqn,13
10,1497,79.20792079207921,240.2977309933741,dqn,13
11,1665,83.16831683168317,253.46351151789096,dqn,13
12,1823,78.21782178217822,237.56434274252695,dqn,13
13,1985,80.19801980198021,245.5006971794831,dqn,13
14,2139,76.23762376237624,233.52838103291833,dqn,13
15,2288,73.76237623762376,221.9978696778323,dqn,13
16,2440,75.24752475247524,226.68107604610557,dqn,13
17,2604,81.1881188118812,245.47832554334542,dqn,13
18,2765,79.70297029702971,245.54802660319027,dqn,13
19,2925,79.20792079207921,240.9789340028961,dqn,13
20,3087,80.19801980198021,242.1393682895243,dqn,13
1,104,51.48514851485149,159.6611554111968,cdsqn,13
2,234,64.35643564356435,197.54853371876402,cdsqn,13
3,375,69.80198019801979,209.0042254588868,cdsqn,13
4,523,73.26732673267327,221.466912935402,cdsqn,13
5,665,70.29702970297029,208.28409611376233,cdsqn,13
6,809,71.28712871287128,215.47700099249016,cdsqn,13
7,946,67.82178217821783,205.65525608385755,cdsqn,13
8,1100,76.23762376237624,233.69041369474317,cdsqn,13
9,1247,72.77227722772277,221.59655813977,cdsqn,13
10,1395,73.26732673267327,223.81184580050962,cdsqn,13
11,1547,75.24752475247524,228.94480519361778,cdsqn,13
12,1700,75.74257425742574,231.73746835164013,cdsqn,13
13,1845,71.78217821782178,217.12889596874876,cdsqn,13
14,1997,75.24752475247524,228.54788914145172,cdsqn,13
15,2155,78.21782178217822,238.40960835574742,cdsqn,13
16,2312,77.72277227722772,236.65750965215747,cdsqn,13
17,2462,74.25742574257426,225.51250643330636,cdsqn,13
18,2616,76.23762376237624,229.3312962587616,cdsqn,13
19,2770,76.23762376237624,229.462741419595,cdsqn,13
20,2926,77.22772277227723,232.9153862786968,cdsqn,13
1,111,54.95049504950495,172.48499775301602,whittle,13
2,254,70.79207920792079,216.6822811112162,whittle,13
3,405,74.75247524752476,227.99481979401475,whittle,13
4,559,76.23762376237624,229.90880115152302,whittle,13
5,718,78.71287128712872,238.83848580117717,whittle,13
6,876,78.21782178217822,239.53545657131073,whittle,13
7,1042,82.17821782178217,251.84365255267778,whittle,13
8,1192,74.25742574257426,225.51563745085636,whittle,13
9,1353,79.70297029702971,241.03126263290147,whittle,13
10,1516,80.6930693069307,242.0330808298763,whittle,13
11,1670,76.23762376237624,229.44587446239174,whittle,13
12,1820,74.25742574257426,225.90045463179726,whittle,13
13,1979,78.71287128712872,239.33529799577482,whittle,13
14,2137,78.21782178217822,238.13059197645268,whittle,13
15,2294,77.72277227722772,233.50179904847718,whittle,13
16,2450,77.22772277227723,235.02289612608206,whittle,13
17,2612,80.19801980198021,243.18527223568572,whittle,13
18,2756,71.28712871287128,217.66357982087018,whittle,13
19,2917,79.70297029702971,243.91386637549343,whittle,13
20,3079,80.19801980198021,246.24393545802417,whittle,13
1,101,50.0,153.12589688282884,random,13
2,226,61.88118811881188,187.8641139147836,random,13
3,366,69.3069306930693,211.80914341423457,random,13
4,503,67.82178217821783,205.0242662618323,random,13
5,653,74.25742574257426,223.90418912246997,random,13
6,799,72.27722772277228,216.70686536216604,random,13
7,962,80.6930693069307,244.6816359329111,random,13
8,1133,84.65346534653465,256.0728903471177,random,13
9,1285,75.24752475247524,226.5947303117914,random,13
10,1444,78.71287128712872,238.4249329833599,random,13
11,1593,73.76237623762376,221.99204152378306,random,13
12,1740,72.77227722772277,220.96139259953125,random,13
13,1882,70.29702970297029,213.88259353284323,random,13
14,2023,69.80198019801979,211.2141600888062,random,13
15,2183,79.20792079207921,241.77906421296652,random,13
16,2335,75.24752475247524,231.17689682917032,random,13
17,2488,75.74257425742574,231.8403454729207,random,13
18,2639,74.75247524752476,226.41102936297645,random,13
19,2780,69.80198019801979,212.92580151624568,random,13
20,2928,73.26732673267327,222.7791633255272,random,13
1,102,50.495049504950494,154.06099922613572,dqn,14
2,242,69.3069306930693,208.31935342074004,dqn,14
3,392,74.25742574257426,227.3447085147253,dqn,14
4,550,78.21782178217822,238.79344664086378,dqn,14
5,711,79.70297029702971,242.49772423824245,dqn,14
6,872,79.70297029702971,241.40111682986006,dqn,14
7,1031,78.71287128712872,239.57941857609595,dqn,14
8,1184,75.74257425742574,229.2729653995413,dqn,14
9,1346,80.19801980198021,244.31350004847909,dqn,14
10,1501,76.73267326732673,234.4284897249622,dqn,14
11,1653,75.24752475247524,228.212577717069,dqn,14
12,1805,75.24752475247524,227.99158141636292,dqn,14
13,1970,81.68316831683168,248.47525943228803,dqn,14
14,2137,82.67326732673267,253.54399166550408,dqn,14
15,2291,76.23762376237624,231.81002470009687,dqn,14
16,2440,73.76237623762376,224.66313568626845,dqn,14
17,2598,78.21782178217822,239.9606131807117,dqn,14
18,2753,76.73267326732673,229.7099002016354,dqn,14
19,2911,78.21782178217822,238.93697516465582,dqn,14
20,3072,79.70297029702971,243.58005772028196,dqn,14
1,96,47.524752475247524,147.02027754173557,cdsqn,14
2,230,66.33663366336634,203.3263545365739,cdsqn,14
3,382,75.24752475247524,227.12800751142132,cdsqn,14
4,537,76.73267326732673,231.44381504977693,cdsqn,14
5,693,77.22772277227723,235.47485111101676,cdsqn,14
6,848,76.73267326732673,234.19067758744916,cdsqn,14
7,1001,75.74257425742574,231.0477309474644,cdsqn,14
8,1158,77.72277227722772,234.64604159268535,cdsqn,14
9,1304,72.27722772277228,221.1689648935224,cdsqn,14
10,1460,77.22772277227723,233.60581260201283,cdsqn,14
11,1621,79.70297029702971,242.11442909609744,cdsqn,14
12,1780,78.71287128712872,239.4896549185376,cdsqn,14
13,1936,77.22772277227723,228.76861528825793,cdsqn,14
14,2086,74.25742574257426,222.83856279466636,cdsqn,14
15,2236,74.25742574257426,221.53453104564682,cdsqn,14
16,2387,74.75247524752476,226.46693714674063,cdsqn,14
17,2535,73.26732673267327,222.51924045711561,cdsqn,14
18,2688,75.74257425742574,232.15837508612586,cdsqn,14
19,2842,76.23762376237624,232.42189268526877,cdsqn,14
20,2990,73.26732673267327,224.45062643005164,cdsqn,14
1,102,50.495049504950494,153.44124628247658,whittle,14
2,241,68.8118811881188,206.77231952435207,whittle,14
3,395,76.23762376237624,230.2462734473196,whittle,14
4,549,76.23762376237624,232.29476378610434,whittle,14
5,699,74.25742574257426,226.2241206958487,whittle,14
6,853,76.23762376237624,232.08723162477813,whittle,14
7,1014,79.70297029702971,243.90076117144395,whittle,14
8,1170,77.22772277227723,237.2102884321721,whittle,14
9,1327,77.72277227722772,238.90312306560568,whittle,14
10,1485,78.21782178217822,239.97927698109876,whittle,14
11,1638,75.74257425742574,230.43534515716138,whittle,14
12,1786,73.26732673267327,223.60616764489555,whittle,14
13,1958,85.14851485148515,259.8625300801509,whittle,14
14,2128,84.15841584158416,258.47594690900195,whittle,14
15,2294,82.17821782178217,249.66767660590585,whittle,14
16,2455,79.70297029702971,243.1190208532116,whittle,14
17,2620,81.68316831683168,248.86568554686767,whittle,14
18,2782,80.19801980198021,246.71585312776818,whittle,14
19,2941,78.71287128712872,236.00886146720467,whittle,14
20,3107,82.17821782178217,247.79461537652318,whittle,14
1,102,50.495049504950494,154.28731119631092,random,14
2,225,60.89108910891089,187.81689812273495,random,14
3,360,66.83168316831683,203.57509552567873,random,14
4,504,71.28712871287128,219.35649029251837,random,14
5,656,75.24752475247524,231.98920174525702,random,14
6,807,74.75247524752476,228.00351767988354,random,14
7,960,75.74257425742574,232.50096053409933,random,14
8,1113,75.74257425742574,230.7755062160698,random,14
9,1271,78.21782178217822,236.6326170462839,random,14
10,1420,73.76237623762376,223.9467307173761,random,14
11,1560,69.3069306930693,208.92723147880633,random,14
12,1704,71.28712871287128,218.00658221228298,random,14
13,1858,76.23762376237624,231.47066707865653,random,14
14,2016,78.21782178217822,236.96371379178697,random,14
15,2167,74.75247524752476,227.39630792286647,random,14
16,2324,77.72277227722772,238.25457592394085,random,14
17,2484,79.20792079207921,241.10347012475296,random,14
18,2633,73.76237623762376,224.25168459640483,random,14
19,2791,78.21782178217822,235.4739987977841,random,14
20,2936,71.78217821782178,216.896720014471,random,14
1,100,49.504950495049506,149.5694331437024,dqn,15
2,235,66.83168316831683,200.78019467410667,dqn,15
3,389,76.23762376237624,230.14647529255072,dqn,15
4,546,77.72277227722772,236.1620536488969,dqn,15
5,706,79.20792079207921,239.23799736718925,dqn,15
6,869,80.6930693069307,245.8723449792994,dqn,15
7,1021,75.24752475247524,229.05729615792728,dqn,15
8,1185,81.1881188118812,246.84996376068958,dqn,15
9,1349,81.1881188118812,247.18030793761957,dqn,15
10,1513,81.1881188118812,247.17273425917114,dqn,15
11,1683,84.15841584158416,256.4312679783074,dqn,15
12,1852,83.66336633663366,255.93529457078446,dqn,15
13,2015,80.6930693069307,243.109103325986,dqn,15
14,2183,83.16831683168317,252.93747838597653,dqn,15
15,2343,79.20792079207921,241.3469948439994,dqn,15
16,2483,69.3069306930693,206.9669771763328,dqn,15
17,2642,78.71287128712872,240.20624618772655,dqn,15
18,2778,67.32673267326733,204.7842284011525,dqn,15
19,2940,80.19801980198021,243.4178374860908,dqn,15
20,3093,75.74257425742574,228.71053828901364,dqn,15
1,102,50.495049504950494,154.40943759096325,cdsqn,15
2,232,64.35643564356435,195.15682134433362,cdsqn,15
3,366,66.33663366336634,199.23140876123404,cdsqn,15
4,491,61.88118811881188,186.35419769732363,cdsqn,15
5,642,74.75247524752476,228.34553700134896,cdsqn,15
6,798,77.22772277227723,233.97383988961312,cdsqn,15
7,952,76.23762376237624,230.85120823629765,cdsqn,15
8,1095,70.79207920792079,216.7739340306449,cdsqn,15
9,1251,77.22772277227723,233.67529180775736,cdsqn,15
10,1405,76.23762376237624,231.1978487716268,cdsqn,15
11,1567,80.19801980198021,243.21232954998158,cdsqn,15
12,1720,75.74257425742574,230.58543288882393,cdsqn,15
13,1874,76.23762376237624,233.46633020795758,cdsqn,15
14,2030,77.22772277227723,234.66673957472358,cdsqn,15
15,2192,80.19801980198021,246.22627984147007,cdsqn,15
16,2347,76.73267326732673,232.29820602699544,cdsqn,15
17,2508,79.70297029702971,239.90930787651783,cdsqn,15
18,2664,77.22772277227723,234.1901519680456,cdsqn,15
19,2818,76.23762376237624,230.77181773862063,cdsqn,15
20,2967,73.76237623762376,220.8992073176359,cdsqn,15
1,109,53.960396039603964,166.44708629730266,whittle,15
2,245,67.32673267326733,204.15743084644149,whittle,15
3,390,71.78217821782178,217.04004327340434,whittle,15
4,543,75.74257425742574,229.20540457820832,whittle,15
5,692,73.76237623762376,225.80663941907898,whittle,15
6,840,73.26732673267327,223.56498053268191,whittle,15
7,995,76.73267326732673,233.0345360733721,whittle,15
8,1149,76.23762376237624,233.21284164309216,whittle,15
9,1301,75.24752475247524,230.03907366576752,whittle,15
10,1461,79.20792079207921,240.41738377458847,whittle,15
11,1631,84.15841584158416,255.99756289964174,whittle,15
12,1797,82.17821782178217,251.75076697596137,whittle,15
13,1964,82.67326732673267,249.12526991418028,whittle,15
14,2116,75.24752475247524,227.84441028660066,whittle,15
15,2275,78.71287128712872,236.9730647945219,whittle,15
16,2424,73.76237623762376,221.62345662958208,whittle,15
17,2573,73.76237623762376,219.87463156722984,whittle,15
18,2723,74.25742574257426,225.13588184973534,whittle,15
19,2870,72.77227722772277,219.3308919321262,whittle,15
20,3029,78.71287128712872,239.16063071836157,whittle,15
1,104,51.48514851485149,155.1196276063027,random,15
2,244,69.3069306930693,210.2669085376106,random,15
3,395,74.75247524752476,225.6673304198293,random,15
4,543,73.26732673267327,220.85041002696144,random,15
5,698,76.73267326732673,231.0268646163526,random,15
6,852,76.23762376237624,230.9613288751686,random,15
7,1008,77.22772277227723,237.18780547046714,random,15
8,1172,81.1881188118812,247.30818419563624,random,15
9,1336,81.1881188118812,248.24780827749927,random,15
10,1479,70.79207920792079,218.04922041188004,random,15
11,1622,70.79207920792079,216.34939332524738,random,15
12,1773,74.75247524752476,223.8298049264252,random,15
13,1924,74.75247524752476,226.7857515514562,random,15
14,2086,80.19801980198021,244.33275014093968,random,15
15,2248,80.19801980198021,245.15294689583584,random,15
16,2414,82.17821782178217,251.53790233184452,random,15
17,2570,77.22772277227723,234.45708194199236,random,15
18,2728,78.21782178217822,238.44471849593546,random,15
19,2880,75.24752475247524,231.17644863851646,random,15
20,3028,73.26732673267327,221.6238842337041,random,15
1,96,47.524752475247524,142.77453115916447,dqn,16
2,224,63.366336633663366,189.0745367236028,dqn,16
3,369,71.78217821782178,217.84401615323486,dqn,16
4,520,74.75247524752476,226.900259281323,dqn,16
5,675,76.73267326732673,233.54002511848424,dqn,16
6,827,75.24752475247524,228.08343485374036,dqn,16
7,984,77.72277227722772,235.68259725058633,dqn,16
8,1133,73.76237623762376,226.0235027144613,dqn,16
9,1287,76.23762376237624,231.26926743814187,dqn,16
10,1462,86.63366336633663,262.01604746877064,dqn,16
11,1631,83.66336633663366,254.14598794946002,dqn,16
12,1795,81.1881188118812,245.82668450698773,dqn,16
13,1959,81.1881188118812,247.11664315172186,dqn,16
14,2124,81.68316831683168,248.0647142501267,dqn,16
15,2282,78.21782178217822,238.24239148132688,dqn,16
16,2435,75.74257425742574,232.2258446060771,dqn,16
17,2586,74.75247524752476,227.16925573018895,dqn,16
18,2743,77.72277227722772,237.51699291663033,dqn,16
19,2901,78.21782178217822,235.48799760127687,dqn,16
20,3070,83.66336633663366,253.31980213463535,dqn,16
1,103,50.99009900990099,157.35983375326472,cdsqn,16
2,233,64.35643564356435,191.20185178655302,cdsqn,16
3,379,72.27722772277228,218.62508636247432,cdsqn,16
4,533,76.23762376237624,231.99940197989764,cdsqn,16
5,686,75.74257425742574,229.09162596107444,cdsqn,16
6,840,76.23762376237624,230.04864707783875,cdsqn,16
7,1002,80.19801980198021,243.516863255927,cdsqn,16
8,1167,81.68316831683168,248.87627621267893,cdsqn,16
9,1323,77.22772277227723,233.11652784873263,cdsqn,16
10,1480,77.72277227722772,234.52712347658368,cdsqn,16
11,1630,74.25742574257426,224.16672566398458,cdsqn,16
12,1785,76.73267326732673,233.26157218190605,cdsqn,16
13,1943,78.21782178217822,239.04617836087036,cdsqn,16
14,2092,73.76237623762376,226.71784323627318,cdsqn,16
15,2244,75.24752475247524,229.40839496125767,cdsqn,16
16,2394,74.25742574257426,223.96790589320594,cdsqn,16
17,2544,74.25742574257426,224.59608919778324,cdsqn,16
18,2693,73.76237623762376,225.3900216138594,cdsqn,16
19,2847,76.23762376237624,230.37897744820867,cdsqn,16
20,3005,78.21782178217822,236.10782774960595,cdsqn,16
1,82,40.5940594059406,127.67205202633393,whittle,16
2,187,51.98019801980198,158.8165977414708,whittle,16
3,325,68.31683168316832,208.5033360388007,whittle,16
4,481,77.22772277227723,235.33733586975796,whittle,16
5,637,77.22772277227723,236.08549744592,whittle,16
6,795,78.21782178217822,237.20251285652733,whittle,16
7,948,75.74257425742574,228.21900651011734,whittle,16
8,1101,75.74257425742574,230.4613500244134,whittle,16
9,1251,74.25742574257426,226.74290996115818,whittle,16
10,1407,77.22772277227723,233.02688346144822,whittle,16
11,1567,79.20792079207921,239.5216637051692,whittle,16
12,1722,76.73267326732673,229.26188949935909,whittle,16
13,1875,75.74257425742574,229.20200866938885,whittle,16
14,2033,78.21782178217822,237.24117774812146,whittle,16
15,2189,77.22772277227723,234.33358021199774,whittle,16
16,2348,78.71287128712872,239.55313364181063,whittle,16
17,2497,73.76237623762376,226.17076575358442,whittle,16
18,2649,75.24752475247524,229.5051622349616,whittle,16
19,2809,79.20792079207921,240.24323287627087,whittle,16
20,2971,80.19801980198021,242.12229990557273,whittle,16
1,100,49.504950495049506,151.480931385081,random,16
2,224,61.386138613861384,188.0580385041044,random,16
3,350,62.37623762376238,191.25967475864587,random,16
4,501,74.75247524752476,227.70762415661133,random,16
5,655,76.23762376237624,231.79971426536378,random,16
6,812,77.72277227722772,236.14803289200123,random,16
7,958,72.27722772277228,222.29185922463117,random,16
8,1112,76.23762376237624,232.6990778713877,random,16
9,1260,73.26732673267327,220.87178132308222,random,16
10,1419,78.71287128712872,237.96222915961033,random,16
11,1579,79.20792079207921,240.875952581841,random,16
12,1737,78.21782178217822,235.4155523842377,random,16
13,1885,73.26732673267327,222.6331667301598,random,16
14,2029,71.28712871287128,215.4792007229775,random,16
15,2191,80.19801980198021,242.5552856964878,random,16
16,2353,80.19801980198021,243.46199805708312,random,16
17,2509,77.22772277227723,233.5588153480969,random,16
18,2664,76.73267326732673,230.80619589506966,random,16
19,2822,78.21782178217822,237.43287488008434,random,16
20,2977,76.73267326732673,233.9367017601443,random,16
1,87,43.06930693069307,129.26277857204832,dqn,17
2,219,65.34653465346535,201.76127847851444,dqn,17
3,360,69.80198019801979,212.20339069023944,dqn,17
4,509,73.76237623762376,223.15274376662998,dqn,17
5,663,76.23762376237624,232.24138373586516,dqn,17
6,825,80.19801980198021,243.64736794341732,dqn,17
7,983,78.21782178217822,235.30300044834166,dqn,17
8,1135,75.24752475247524,229.4035879253113,dqn,17
9,1298,80.6930693069307,244.16294611349403,dqn,17
10,1469,84.65346534653465,257.1878622120854,dqn,17
11,1628,78.71287128712872,240.89636986507517,dqn,17
12,1789,79.70297029702971,243.38730013438965,dqn,17
13,1954,81.68316831683168,247.89814774475053,dqn,17
14,2118,81.1881188118812,249.93794090249523,dqn,17
15,2274,77.22772277227723,230.55184698700162,dqn,17
16,2423,73.76237623762376,222.54567748639153,dqn,17
17,2575,75.24752475247524,227.52936557849551,dqn,17
18,2730,76.73267326732673,232.75638532656234,dqn,17
19,2898,83.16831683168317,250.1220322044153,dqn,17
20,3055,77.72277227722772,232.61998053289085,dqn,17
1,108,53.46534653465347,165.24567820692545,cdsqn,17
2,245,67.82178217821783,205.6196427568422,cdsqn,17
3,376,64.85148514851485,195.54058159035102,cdsqn,17
4,521,71.78217821782178,216.48296825348476,cdsqn,17
5,673,75.24752475247524,229.41806398295643,cdsqn,17
6,824,74.75247524752476,226.32218466684085,cdsqn,17
7,975,74.75247524752476,224.76102141449138,cdsqn,17
8,1128,75.74257425742574,231.76385254795068,cdsqn,17
9,1284,77.22772277227723,232.708855581856,cdsqn,17
10,1446,80.19801980198021,244.2077617790262,cdsqn,17
11,1604,78.21782178217822,238.69791759320046,cdsqn,17
12,1759,76.73267326732673,232.86342591924435,cdsqn,17
13,1910,74.75247524752476,225.8680194146683,cdsqn,17
14,2065,76.73267326732673,233.62141135749678,cdsqn,17
15,2219,76.23762376237624,233.63770938716502,cdsqn,17
16,2374,76.73267326732673,232.09881564182706,cdsqn,17
17,2543,83.66336633663366,253.0315777365532,cdsqn,17
18,2701,78.21782178217822,233.2999647236572,cdsqn,17
19,2855,76.23762376237624,230.5918396585608,cdsqn,17
20,3008,75.74257425742574,231.1164526789101,cdsqn,17
1,104,51.48514851485149,160.2756313010833,whittle,17
2,236,65.34653465346535,201.64524988760172,whittle,17
3,377,69.80198019801979,212.32401511916126,whittle,17
4,536,78.71287128712872,238.43127566606685,whittle,17
5,688,75.24752475247524,227.61647429407782,whittle,17
6,848,79.20792079207921,239.00463896619237,whittle,17
7,1009,79.70297029702971,244.82228108043444,whittle,17
8,1164,76.73267326732673,235.45415594388177,whittle,17
9,1320,77.22772277227723,233.42203009006855,whittle,17
10,1474,76.23762376237624,232.997961869718,whittle,17
11,1634,79.20792079207921,242.20395529625537,whittle,17
12,1791,77.72277227722772,236.53157062743531,whittle,17
13,1945,76.23762376237624,233.52009861750165,whittle,17
14,2096,74.75247524752476,227.76611131179686,whittle,17
15,2252,77.22772277227723,235.18328122256344,whittle,17
16,2401,73.76237623762376,225.83683963396746,whittle,17
17,2550,73.76237623762376,229.40220523375538,whittle,17
18,2708,78.21782178217822,236.89371713897864,whittle,17
19,2870,80.19801980198021,243.45334661049344,whittle,17
20,3028,78.21782178217822,236.84670397933738,whittle,17
1,91,45.04950495049505,133.01995828938388,random,17
2,215,61.386138613861384,184.84201941760148,random,17
3,368,75.74257425742574,229.56242894807013,random,17
4,523,76.73267326732673,233.15940816846108,random,17
5,676,75.74257425742574,229.7044411146308,random,17
6,830,76.23762376237624,231.2130044034901,random,17
7,990,79.20792079207921,244.21062234257315,random,17
8,1140,74.25742574257426,226.37875480213498,random,17
9,1293,75.74257425742574,230.89072509615423,random,17
10,1440,72.77227722772277,221.64630112574068,random,17
11,1583,70.79207920792079,219.24833923276324,random,17
12,1717,66.33663366336634,203.69269826523023,random,17
13,1860,70.79207920792079,213.3214991291576,random,17
14,2010,74.25742574257426,224.17626364736455,random,17
15,2158,73.26732673267327,220.8078592949206,random,17
16,2311,75.74257425742574,229.22182194352982,random,17
17,2464,75.74257425742574,227.90650634643853,random,17
18,2625,79.70297029702971,238.91177148770012,random,17
19,2768,70.79207920792079,216.096385918438,random,17
20,2923,76.73267326732673,231.22528158276504,random,17
1,104,51.48514851485149,155.89572981325466,dqn,18
2,234,64.35643564356435,193.94539525209146,dqn,18
3,377,70.79207920792079,215.18555476231708,dqn,18
4,533,77.22772277227723,233.93953850032898,dqn,18
5,695,80.19801980198021,243.31327019005332,dqn,18
6,868,85.64356435643565,261.5741638498354,dqn,18
7,1043,86.63366336633663,264.64719643621294,dqn,18
8,1215,85.14851485148515,258.5156687380533,dqn,18
9,1375,79.20792079207921,240.43305406739816,dqn,18
10,1539,81.1881188118812,245.31311470847172,dqn,18
11,1699,79.20792079207921,242.42487709595997,dqn,18
12,1853,76.23762376237624,232.18934797923052,dqn,18
13,2003,74.25742574257426,225.51994863273652,dqn,18
14,2159,77.22772277227723,235.05265165442742,dqn,18
15,2320,79.70297029702971,240.55539810938342,dqn,18
16,2477,77.72277227722772,235.0536726862412,dqn,18
17,2635,78.21782178217822,237.29272783137077,dqn,18
18,2792,77.72277227722772,237.1912212002873,dqn,18
19,2950,78.21782178217822,238.88226028349754,dqn,18
20,3112,80.19801980198021,243.9127514468512,dqn,18
1,102,50.495049504950494,149.86371932633637,cdsqn,18
2,231,63.86138613861386,192.31943880105857,cdsqn,18
3,381,74.25742574257426,227.6723218773714,cdsqn,18
4,528,72.77227722772277,221.4358854731008,cdsqn,18
5,667,68.8118811881188,209.61208662631864,cdsqn,18
6,817,74.25742574257426,223.17095808817976,cdsqn,18
7,965,73.26732673267327,220.9104217832642,cdsqn,18
8,1113,73.26732673267327,221.66859858765227,cdsqn,18
9,1259,72.27722772277228,221.2616688021923,cdsqn,18
10,1409,74.25742574257426,224.88140733293457,cdsqn,18
11,1559,74.25742574257426,226.4026508176668,cdsqn,18
12,1699,69.3069306930693,209.6365398683905,cdsqn,18
13,1841,70.29702970297029,215.27846183240834,cdsqn,18
14,1976,66.83168316831683,201.2655419693305,cdsqn,18
15,2119,70.79207920792079,213.68499949763225,cdsqn,18
16,2262,70.79207920792079,214.73055180097572,cdsqn,18
17,2411,73.76237623762376,222.6170644848985,cdsqn,18
18,2565,76.23762376237624,228.35579996681352,cdsqn,18
19,2727,80.19801980198021,242.220330060289,cdsqn,18
20,2891,81.1881188118812,246.17597545361627,cdsqn,18
1,94,46.53465346534654,143.6803057498015,whittle,18
2,218,61.386138613861384,188.22652463687146,whittle,18
3,360,70.29702970297029,218.51810677130894,whittle,18
4,512,75.24752475247524,228.62690849532197,whittle,18
5,661,73.76237623762376,226.03878652125528,whittle,18
6,814,75.74257425742574,227.34879797880583,whittle,18
7,976,80.19801980198021,242.79268207475212,whittle,18
8,1135,78.71287128712872,239.31681526809135,whittle,18
9,1287,75.24752475247524,228.7231828767924,whittle,18
10,1449,80.19801980198021,246.4223290411527,whittle,18
11,1607,78.21782178217822,237.70165728893616,whittle,18
12,1765,78.21782178217822,238.0619383071913,whittle,18
13,1932,82.67326732673267,253.27957235969785,whittle,18
14,2082,74.25742574257426,227.27130617122035,whittle,18
15,2240,78.21782178217822,237.78311610176112,whittle,18
16,2398,78.21782178217822,239.05889846221035,whittle,18
17,2553,76.73267326732673,234.4385204357309,whittle,18
18,2706,75.74257425742574,233.09942992555466,whittle,18
19,2859,75.74257425742574,232.011240007269,whittle,18
20,3009,74.25742574257426,224.65070143442225,whittle,18
1,104,51.48514851485149,155.350715062252,random,18
2,226,60.396039603960396,182.856293692048,random,18
3,363,67.82178217821783,206.5296916147856,random,18
4,507,71.28712871287128,217.3117086321376,random,18
5,669,80.19801980198021,244.3708470769257,random,18
6,826,77.72277227722772,240.84312220359206,random,18
7,988,80.19801980198021,243.79251045598568,random,18
8,1149,79.70297029702971,240.00585993079787,random,18
9,1315,82.17821782178217,250.06489021023137,random,18
10,1457,70.29702970297029,214.6782848338291,random,18
11,1609,75.24752475247524,229.26899622318138,random,18
12,1751,70.29702970297029,210.33749220606805,random,18
13,1906,76.73267326732673,230.15381051219893,random,18
14,2067,79.70297029702971,243.10171040056593,random,18
15,2222,76.73267326732673,235.35025644261827,random,18
16,2379,77.72277227722772,235.41249353330414,random,18
17,2544,81.68316831683168,247.4701187925325,random,18
18,2705,79.70297029702971,237.72228533142666,random,18
19,2860,76.73267326732673,232.80676785997417,random,18
20,3014,76.23762376237624,230.12330021853498,random,18
1,101,50.0,149.9320184144761,dqn,19
2,240,68.8118811881188,207.3208529565478,dqn,19
3,393,75.74257425742574,228.85103927452985,dqn,19
4,548,76.73267326732673,232.64793795711412,dqn,19
5,709,79.70297029702971,243.4586833962889,dqn,19
6,872,80.6930693069307,247.46101211282644,dqn,19
7,1030,78.21782178217822,237.60423501316424,dqn,19
8,1195,81.68316831683168,247.14093334370412,dqn,19
9,1357,80.19801980198021,244.80830042659542,dqn,19
10,1524,82.67326732673267,251.24089500150885,dqn,19
11,1680,77.22772277227723,234.8289617082683,dqn,19
12,1841,79.70297029702971,241.2483078641247,dqn,19
13,2004,80.6930693069307,244.22263110681098,dqn,19
14,2168,81.1881188118812,248.29202663159285,dqn,19
15,2330,80.19801980198021,242.0054388960119,dqn,19
16,2487,77.72277227722772,237.90751736910687,dqn,19
17,2656,83.66336633663366,253.51188564655507,dqn,19
18,2813,77.72277227722772,238.93042092467095,dqn,19
19,2969,77.22772277227723,235.15170909913016,dqn,19
20,3120,74.75247524752476,225.92575416649862,dqn,19
1,99,49.00990099009901,148.52254769996014,cdsqn,19
2,235,67.32673267326733,206.70076701708527,cdsqn,19
3,377,70.29702970297029,213.92716635258208,cdsqn,19
4,534,77.72277227722772,235.58842266487903,cdsqn,19
5,691,77.72277227722772,234.15000356351487,cdsqn,19
6,846,76.73267326732673,231.28526070981448,cdsqn,19
7,994,73.26732673267327,222.4109181117148,cdsqn,19
8,1148,76.23762376237624,231.8052336852652,cdsqn,19
9,1287,68.8118811881188,209.7095795353606,cdsqn,19
10,1425,68.31683168316832,209.01384643655794,cdsqn,19
11,1565,69.3069306930693,210.14009835017072,cdsqn,19
12,1727,80.19801980198021,244.81746386325224,cdsqn,19
13,1874,72.77227722772277,223.15526610578328,cdsqn,19
14,2024,74.25742574257426,224.29335039204668,cdsqn,19
15,2174,74.25742574257426,225.72164662472,cdsqn,19
16,2328,76.23762376237624,229.95705118686917,cdsqn,19
17,2474,72.27722772277228,219.56529764630253,cdsqn,19
18,2641,82.67326732673267,250.24282611079187,cdsqn,19
19,2794,75.74257425742574,230.01478987774212,cdsqn,19
20,2944,74.25742574257426,222.80329828187078,cdsqn,19
1,101,50.0,153.83554748785673,whittle,19
2,243,70.29702970297029,212.8479189885766,whittle,19
3,395,75.24752475247524,227.84432240062716,whittle,19
4,552,77.72277227722772,236.94312532353885,whittle,19
5,712,79.20792079207921,239.9294898088921,whittle,19
6,865,75.74257425742574,231.48017409743588,whittle,19
7,1029,81.1881188118812,246.5582728892363,whittle,19
8,1184,76.73267326732673,230.06584942714406,whittle,19
9,1345,79.70297029702971,241.45305893041646,whittle,19
10,1512,82.67326732673267,250.1580886906182,whittle,19
11,1680,83.16831683168317,253.2268912904618,whittle,19
12,1836,77.22772277227723,234.83808031073443,whittle,19
13,1986,74.25742574257426,226.70723037112,whittle,19
14,2137,74.75247524752476,227.49712214835645,whittle,19
15,2287,74.25742574257426,225.1077047617778,whittle,19
16,2438,74.75247524752476,225.0429718307555,whittle,19
17,2596,78.21782178217822,238.78147113084765,whittle,19
18,2751,76.73267326732673,235.5516621035229,whittle,19
19,2916,81.68316831683168,250.75283491563616,whittle,19
20,3074,78.21782178217822,241.9344693635348,whittle,19
1,89,44.05940594059406,135.54490143320265,random,19
2,210,59.900990099009896,181.55232116710914,random,19
3,345,66.83168316831683,203.36577886538208,random,19
4,501,77.22772277227723,236.12629581364914,random,19
5,651,74.25742574257426,228.67263620638184,random,19
6,802,74.75247524752476,226.98294896431204,random,19
7,948,72.27722772277228,216.59991787225653,random,19
8,1107,78.71287128712872,239.2720162673598,random,19
9,1263,77.22772277227723,234.89676557466552,random,19
10,1412,73.76237623762376,224.3689919797057,random,19
11,1565,75.74257425742574,229.49649910533057,random,19
12,1723,78.21782178217822,236.0295737608678,random,19
13,1873,74.25742574257426,223.58618333760492,random,19
14,2033,79.20792079207921,239.3020158678062,random,19
15,2185,75.24752475247524,226.17310855668617,random,19
16,2344,78.71287128712872,239.9948944506546,random,19
17,2506,80.19801980198021,243.371673343906,random,19
18,2665,78.71287128712872,236.67545033305393,random,19
19,2822,77.72277227722772,235.08252725096344,random,19
20,2976,76.23762376237624,232.04430325324398,random,19
